<?xml version="1.0" encoding="utf-8"?>
<!-- BINGIE -->
<window id="1117">
    <defaultcontrol always="true">117</defaultcontrol>
    <include>CustomBingieWinProps</include>
    <include>BingieViews_WindowOpen_Fade</include>
    <onunload condition="$EXP[IsPlayingUnrecognizedContent]">PlayerControl(Stop)</onunload>
    <!--<onunload>ClearProperty(category,Home)</onunload>-->
    <controls>
        <include>GlobalBackground</include>
        <include>NowPlayingBackground</include>
        <include>NowPlayingInfoBar</include>

        <!-- Spotlight Section -->
        <include content="Bingie_Base_BG">
            <param name="visibility" value="!$EXP[IsPlayingRecognizedContent]" />
        </include>
        <include content="Preview_Window">
            <param name="id" value="11701" />
            <param name="visibility" value="$EXP[IsPlayingUnrecognizedContent]" />
        </include>
        <control type="group">
            <width>2035</width>
            <height>600</height>
            <include content="BingieSpotlightCornerImage">
                <param name="visibility" value="!$EXP[IsPlayingRecognizedContent] + !Control.IsVisible(11701)" />
                <param name="image" value="$VAR[bingieThumb]" />
            </include>

            <!-- Details -->
            <control type="grouplist">
                    <visible>!$EXP[IsCurrentWidgetSpotlight]</visible>
                    <animation effect="fade" start="0" end="100" time="250" reversible="false">Visible</animation>
                    <include condition="Skin.HasSetting(EnableFixedFocusWidgets)">WidgetsDisplaySpotlightTransition</include>
                    <width>1500</width>
                    <include>BingieLeftDefs</include>
                    <top>10</top>  
                    <height>600</height>
                    <orientation>vertical</orientation>
                    <usecontrolcoords>true</usecontrolcoords>
                    <itemgap>10</itemgap>
                    <!-- Movies and Episodes Info Slide-down -->
                    <animation effect="slide" start="0" end="0,130" time="0" condition="Skin.HasSetting(MovieDetailsHome) + Integer.IsGreater(ListItem.PercentPlayed,1) | [$EXP[IsMainMenuOpened] + Integer.IsGreater(Window(Home).Property(ListItem.PercentPlayed),1)]">Conditional</animation>

                    <include content="Bingie_Headline_Item">
                        <param name="id" value="9000" />
                        <param name="image" value="$VAR[BingieInfoClearlogo]" />
                        <param name="text" value="$VAR[BingieInfoLabel]" />
                    </include>

                    <!-- Details Row at Top-->
                    <control type="group">
					<visible>!$EXP[IsMainMenuOpened]</visible>
                        <visible>Skin.HasSetting(MovieDetailsHome) + !Integer.IsGreater(ListItem.PercentPlayed,1) | !Skin.HasSetting(MovieDetailsHome)</visible>
                        <include>Default_Visible_Fade</include>
                        <top>-7</top>
                        <width>1000</width>
                        <height>60</height>
                        <include>SpotlightRowDetails</include>
                    </control>

<!-- Bingie Home Top 250/Sublabel/watch xx Now -->
    <control type="grouplist">
			<orientation>horizontal</orientation>
			<visible>!$EXP[IsMainMenuOpened]</visible>
			<visible>!$EXP[IsEpisodeDBType]</visible>
			<visible>!Skin.HasSetting(DisableTop250) + !String.IsEmpty(Control.GetLabel(8231)) + !Integer.IsGreater(ListItem.PercentPlayed,1) | !Skin.HasSetting(DisableTop250) + !String.IsEmpty(Control.GetLabel(823)) + $EXP[IsTVShowInLastEpisodes] + !Integer.IsGreater(ListItem.PercentPlayed,1) | 
			!Skin.HasSetting(DisableTop250) + !String.IsEmpty(Control.GetLabel(8231)) + !Skin.HasSetting(MovieDetailsHome) + Integer.IsGreater(ListItem.PercentPlayed,1)</visible>
			<animation effect="fade" time="150">Visible</animation>
			<height>55</height>
			<width>800</width>
			<top>-10</top>
			<aligny>center</aligny> 
			<usecontrolcoords>true</usecontrolcoords>
			<itemgap>15</itemgap>
		<!-- Spotlight Details Row Top250 Colored Icon -->
		<control type="image">
				<visible>!Skin.HasSetting(EnableTop250ColoredLabel)</visible>
				<visible>!String.IsEmpty(Control.GetLabel(8231))</visible>
				<posy>5</posy>
				<left>1</left>
                <height>50</height>
                <width>50</width>
				<aspectratio>keep</aspectratio>
                <texture>bingie/top250.png</texture>
		</control>
		<!-- Spotlight Details Row Top250 White Icon -->
		<control type="image">
				<visible>Skin.HasSetting(EnableTop250ColoredLabel)</visible>
				<visible>!String.IsEmpty(Control.GetLabel(8231))</visible>
				<posy>5</posy>
				<left>1</left>
                <height>50</height>
                <width>50</width>
				<aspectratio>keep</aspectratio>
                <texture>bingie/top2501.png</texture>
		</control>
		<!-- Spotlight Text Label Top250 -->	
		<control type="label" id="8231">
            <visible>!$EXP[IsEpisodeDBType]</visible>
            <visible>!String.IsEmpty(Control.GetLabel(8231))</visible>
			<font>bold29</font> 
            <textcolor>ffffffff</textcolor>
            <label>$VAR[IMDBTop250RatingValue,#, on IMDB Today]</label>
            <include>Default_Visible_Fade</include>
        </control>	
			<!-- Tagline/Watch xx Now -->
		<control type="label" id="823">
                <visible>!$EXP[IsEpisodeDBType]</visible>
                <visible>!String.IsEmpty(Control.GetLabel(823)) + String.IsEmpty(Control.GetLabel(8231))</visible>
                <width>820</width>
                <font>bold29</font> 
                <textcolor>ffffffff</textcolor> 
                <label>$VAR[BingieSublabel]</label>
                <include>Default_Visible_Fade</include>
        </control> 
	</control>

                    <!-- TV shows Seasons and Episodes -->
                    <control type="grouplist">
					<visible>!$EXP[IsMainMenuOpened]</visible>
                        <visible>$EXP[IsEpisodeDBType]</visible>
                        <include>Default_Visible_Fade</include>
                        <orientation>vertical</orientation>
                        <top>0</top>
						<height>200</height>
						<width>650</width>
						<itemgap>20</itemgap>
						<usecontrolcoords>true</usecontrolcoords>
                        <!--"Next Episode in" label-->
                        <control type="label">
                            <height>30</height>
                            <width>650</width>
                            <align>left</align>
							<posx>-9</posx>
                            <aligny>center</aligny>
                            <font>Reg36</font>
                         	<textcolor>ffffffff</textcolor>
                            <label>$VAR[BingieEpisodeInfoHeader]</label>
                        </control>
   
					<!--episode title/episode no. -->
                        <control type="textbox">
						<visible>!Integer.IsGreater(ListItem.PercentPlayed,1) | [$EXP[IsMainMenuOpened] + !Integer.IsGreater(Window(Home).Property(ListItem.PercentPlayed),1)]</visible>
						<top>-10</top>
						    <height min="0" max="70">auto</height> <!--set to auto for episode title, set to 40 for just episode.-->
		                    <width>650</width>
                            <align>left</align>
                            <aligny>center</aligny>
                            <font>Reg26</font> 
                            <textcolor>ffffffff</textcolor>
                            <label>$VAR[BingieEpisodeInfoSubLabel]</label>
                        </control>
                    </control>
				
				<!-- Movie and TV Show Continue Watching -->
                        <control type="group">
                            <visible>Skin.HasSetting(MovieDetailsHome)</visible>
							<visible>Integer.IsGreater(ListItem.PercentPlayed,1) | [$EXP[IsMainMenuOpened] + Integer.IsGreater(Window(Home).Property(ListItem.PercentPlayed),1)]</visible>
                            <top>29</top>
							<left>1</left>
							<width>650</width>
                            <height>30</height>
                            <aligny>center</aligny>
                            <control type="progress">
                                <width>185</width>
                                <height>8</height>
                                <texturebg colordiffuse="cc515151" border="0">colors/color_white.png</texturebg>
                                <lefttexture/>
                                <midtexture colordiffuse="$INFO[Skin.String(OSDProgressBarColor)]" border="4">colors/color_white.png</midtexture>
                                <righttexture/>
                                <info>ListItem.PercentPlayed</info>
                            </control>
                            <control type="label">
                                <top>-11</top>
                                <left>210</left>
                                <height>25</height>
                                <width>450</width>
                                <font>Reg26</font>
                                <textcolor>ffffffff</textcolor>
                                <label>$VAR[PercentRemained,,% $LOCALIZE[31059]]</label>
                            </control>
                        </control>

		<!-- Bingie Home Plot -->
                    <control type="textbox" id="90009">
					<visible>!$EXP[IsMainMenuOpened]</visible>
                        <visible>Skin.HasSetting(MovieDetailsHome) + !Integer.IsGreater(ListItem.PercentPlayed,1) | !Skin.HasSetting(MovieDetailsHome)</visible>
                        <include>Default_Visible_Fade</include>
                        <include condition="Skin.HasSetting(DisableBingieMoreDetails)">Alt_Bingie_Plot_Height</include>
						<top></top>
						<height min="30" max="121">auto</height>   <!--80 for 2 lines with the larger font-->
                        <width max="820">auto</width>                   <!-- default - 620 - -->
                        <align>left</align>                            <!-- default - justify - -->
                        <font>Plots</font>
						<textcolor>ffffffff</textcolor>
                        <label>$VAR[BingiePlot]</label>
                    </control>

                    <!-- Additional Info -->
                    <include content="Bingie_Additional_Info">
						<visible>!Control.HasFocus(60)</visible>
                        <param name="visibility" value="!Skin.HasSetting(DisableBingieMoreDetails) + !$EXP[IsEpisodeDBType] + !$EXP[IsCategoryDBType] + !$EXP[IsMainMenuOpened] + !$EXP[IsTVShowInLastEpisodes] | !Skin.HasSetting(DisableBingieMoreDetails) + Skin.HasSetting(DisableTop250) + !$EXP[IsEpisodeDBType] + !$EXP[IsCategoryDBType] + !$EXP[IsMainMenuOpened]"/>
                    </include>
                </control>

                <!-- Footer -->
				<control type="group">
				<visible>!Control.HasFocus(60)</visible>
                <include condition="!Skin.HasSetting(NoFooterBarOnHome)">Bingie_Footer</include>
				</control>
            </control>

        <control type="group">
            <left>130</left>
            <top>611</top>
            <width>1666</width>
            <!-- Content Header -->
            <control type="textbox">
			<top>-38</top>
			<left>7</left>
                <width>100%</width>
                <height>40</height>
                <font>Reg29</font>
                <align>left</align>
                <textcolor>$INFO[Skin.String(ViewDetailsTextColor)]</textcolor>
                <label>[CAPITALIZE][B]$INFO[Window(Home).Property(category)][/B][/CAPITALIZE]</label>
                <visible>Integer.IsGreater(Container(117).NumItems,0)</visible>
            </control>

            <!-- Container -->
            <include content="Category_Widget" condition="String.IsEqual(Window(Home).Property(category),critically-acclaimed tv shows)">
                <param name="content" value="special://skin/playlists/topratedshows.xsp" />
            </include>

            <include content="Category_Widget" condition="String.IsEqual(Window(Home).Property(category),critically-acclaimed movies)">
                <param name="content" value="special://skin/playlists/topratedmovies.xsp" />
            </include>

            <include content="Category_Widget" condition="String.IsEqual(Window(Home).Property(category),stand-up comedy)">
                <param name="content" value="special://skin/playlists/standup.xsp" />
            </include>

            <include content="Category_Widget" condition="String.IsEqual(Window(Home).Property(category),TV shows)">
                <param name="content" value="videodb://tvshows/titles/" />
                <param name="sortBy" value="dateadded" />
                <param name="sortOrder" value="descending" />
            </include>

            <include content="Category_Widget" condition="String.IsEqual(Window(Home).Property(category),movies)">
                <param name="content" value="videodb://movies/titles/" />
                <param name="sortBy" value="dateadded" />
                <param name="sortOrder" value="descending" />
            </include>

            <include content="Category_Widget" condition="String.IsEqual(Window(Home).Property(category),recently added)">
                <param name="content" value="plugin://script.skin.helper.widgets/?action=recent&amp;mediatype=movies&amp;limit=150&amp;reload=$INFO[Window(Home).Property(widgetreload)]" />
            </include>

            <include content="Category_Widget" condition="String.IsEqual(Window(Home).Property(category),new release)">
                <param name="content" value="plugin://script.skin.helper.widgets/?action=newrelease&amp;mediatype=movies&amp;limit=150&amp;reload=$INFO[Window(Home).Property(widgetreload)]" />
            </include>

            <include content="Category_Widget" condition="String.IsEqual(Window(Home).Property(category),popular)">
                <param name="content" value="plugin://script.skin.helper.widgets/?action=popular&amp;mediatype=movies&amp;limit=100&amp;reload=$INFO[Window(Home).Property(widgetreload)]" />
            </include>

            <!-- GENRES -->
            <include content="Category_Widget" condition="String.IsEqual(Window(Home).Property(category),drama)">
                <param name="content" value="plugin://script.skin.helper.widgets/?action=forgenre&amp;mediatype=movies&amp;genre=drama&amp;limit=100&amp;reload=$INFO[Window(Home).Property(widgetreload)]" />
                <param name="sortBy" value="dateadded" />
                <param name="sortOrder" value="descending" />
            </include>

            <include content="Category_Widget" condition="String.IsEqual(Window(Home).Property(category),crime)">
                <param name="content" value="plugin://script.skin.helper.widgets/?action=forgenre&amp;mediatype=movies&amp;genre=crime&amp;limit=100&amp;reload=$INFO[Window(Home).Property(widgetreload)]" />
                <param name="sortBy" value="dateadded" />
                <param name="sortOrder" value="descending" />
            </include>

            <include content="Category_Widget" condition="String.IsEqual(Window(Home).Property(category),thriller)">
                <param name="content" value="plugin://script.skin.helper.widgets/?action=forgenre&amp;mediatype=movies&amp;genre=thriller&amp;limit=100&amp;reload=$INFO[Window(Home).Property(widgetreload)]" />
                <param name="sortBy" value="dateadded" />
                <param name="sortOrder" value="descending" />
            </include>

            <include content="Category_Widget" condition="String.IsEqual(Window(Home).Property(category),action)">
                <param name="content" value="plugin://script.skin.helper.widgets/?action=forgenre&amp;mediatype=movies&amp;genre=action&amp;limit=100&amp;reload=$INFO[Window(Home).Property(widgetreload)]" />
                <param name="sortBy" value="dateadded" />
                <param name="sortOrder" value="descending" />
            </include>

            <include content="Category_Widget" condition="String.IsEqual(Window(Home).Property(category),comedy)">
                <param name="content" value="plugin://script.skin.helper.widgets/?action=forgenre&amp;mediatype=movies&amp;genre=comedy&amp;limit=100&amp;reload=$INFO[Window(Home).Property(widgetreload)]" />
                <param name="sortBy" value="dateadded" />
                <param name="sortOrder" value="descending" />
            </include>

            <include content="Category_Widget" condition="String.IsEqual(Window(Home).Property(category),adventure)">
                <param name="content" value="plugin://script.skin.helper.widgets/?action=forgenre&amp;mediatype=movies&amp;genre=adventure&amp;limit=100&amp;reload=$INFO[Window(Home).Property(widgetreload)]" />
                <param name="sortBy" value="dateadded" />
                <param name="sortOrder" value="descending" />
            </include>

            <include content="Category_Widget" condition="String.IsEqual(Window(Home).Property(category),western)">
                <param name="content" value="plugin://script.skin.helper.widgets/?action=forgenre&amp;mediatype=movies&amp;genre=western&amp;limit=100&amp;reload=$INFO[Window(Home).Property(widgetreload)]" />
                <param name="sortBy" value="dateadded" />
                <param name="sortOrder" value="descending" />
            </include>

            <include content="Category_Widget" condition="String.IsEqual(Window(Home).Property(category),horror)">
                <param name="content" value="plugin://script.skin.helper.widgets/?action=forgenre&amp;mediatype=movies&amp;genre=horror&amp;limit=100&amp;reload=$INFO[Window(Home).Property(widgetreload)]" />
                <param name="sortBy" value="dateadded" />
                <param name="sortOrder" value="descending" />
            </include>

            <include content="Category_Widget" condition="String.IsEqual(Window(Home).Property(category),science fiction)">
                <param name="content" value="plugin://script.skin.helper.widgets/?action=forgenre&amp;mediatype=movies&amp;genre=science fiction&amp;limit=100&amp;reload=$INFO[Window(Home).Property(widgetreload)]" />
                <param name="sortBy" value="dateadded" />
                <param name="sortOrder" value="descending" />
            </include>

            <include content="Category_Widget" condition="String.IsEqual(Window(Home).Property(category),family)">
                <param name="content" value="plugin://script.skin.helper.widgets/?action=forgenre&amp;mediatype=movies&amp;genre=family&amp;limit=100&amp;reload=$INFO[Window(Home).Property(widgetreload)]" />
                <param name="sortBy" value="dateadded" />
                <param name="sortOrder" value="descending" />
            </include>

            <include content="Category_Widget" condition="String.IsEqual(Window(Home).Property(category),animation)">
                <param name="content" value="plugin://script.skin.helper.widgets/?action=forgenre&amp;mediatype=movies&amp;genre=animation&amp;limit=100&amp;reload=$INFO[Window(Home).Property(widgetreload)]" />
                <param name="sortBy" value="dateadded" />
                <param name="sortOrder" value="descending" />
            </include>

            <include content="Category_Widget" condition="String.IsEqual(Window(Home).Property(category),mystery)">
                <param name="content" value="plugin://script.skin.helper.widgets/?action=forgenre&amp;mediatype=movies&amp;genre=mystery&amp;limit=100&amp;reload=$INFO[Window(Home).Property(widgetreload)]" />
                <param name="sortBy" value="dateadded" />
                <param name="sortOrder" value="descending" />
            </include>

            <include content="Category_Widget" condition="String.IsEqual(Window(Home).Property(category),romance)">
                <param name="content" value="plugin://script.skin.helper.widgets/?action=forgenre&amp;mediatype=movies&amp;genre=romance&amp;limit=100&amp;reload=$INFO[Window(Home).Property(widgetreload)]" />
                <param name="sortBy" value="dateadded" />
                <param name="sortOrder" value="descending" />
            </include>

            <include content="Category_Widget" condition="String.IsEqual(Window(Home).Property(category),documentary)">
                <param name="content" value="plugin://script.skin.helper.widgets/?action=forgenre&amp;mediatype=movies&amp;genre=documentary&amp;limit=100&amp;reload=$INFO[Window(Home).Property(widgetreload)]" />
                <param name="sortBy" value="dateadded" />
                <param name="sortOrder" value="descending" />
            </include>

            <include content="Category_Widget" condition="String.IsEqual(Window(Home).Property(category),fantasy)">
                <param name="content" value="plugin://script.skin.helper.widgets/?action=forgenre&amp;mediatype=movies&amp;genre=fantasy&amp;limit=100&amp;reload=$INFO[Window(Home).Property(widgetreload)]" />
                <param name="sortBy" value="dateadded" />
                <param name="sortOrder" value="descending" />
            </include>


            <!-- Empty Category -->
            <control type="label">
                <top>40</top>
                <width>auto</width>
                <height>100</height>
                <font>Reg42</font>
                <align>center</align>
                <aligny>top</aligny>
                <wrapmultiline>true</wrapmultiline>
                <textcolor>$INFO[Skin.String(BingieSecondaryTextColor)]</textcolor>
                <label>$LOCALIZE[31064]</label>
                <visible>!Container(117).IsUpdating + !Integer.IsGreater(Container(117).NumItems,0)</visible>
            </control>
            <!-- Back Arrow -->
            <control type="image">
                <left>-60</left>
                <top>95</top>
                <width>60</width>
                <height>85</height>
                <texture background="true">bingie/back_arrow.png</texture>
                <colordiffuse>$INFO[Skin.String(BingiePrimaryTextColor)]</colordiffuse>
                <visible>Integer.IsGreater(Container(117).NumItems,0) | !Container(117).IsUpdating</visible>
            </control>
            <!-- Fixed Frame -->
            <include content="Bingie_Main_View_Fixed_Frame" condition="Skin.HasSetting(EnableFixedFrameWidgets)">
				<left>130</left>
                <param name="containerid" value="117" />
                <param name="top" value="611" />
				<param name="width" value="240" />
				<param name="height" value="325" />
				<texture background="true" border="12">$INFO[Skin.String(thumbsborder_focused),bingie/border/poster_fo_,.png]</texture>
				<bordersize>2</bordersize>
				<param name="xAxisAnim" value="238" />
				<param name="yAxisAnim" value="340" />
            </include>
        </control>

        <!-- scrollbar -->
        <control type="group">
            <control type="scrollbar" id="60">
                <visible>Control.IsVisible(117) + !Integer.IsGreater(Container.NumItems,0)</visible>
                <top>619</top>
                <width>8</width>
                <right>3</right>
                <bottom>15</bottom>
                <onleft>117</onleft>
                <orientation>vertical</orientation>
                <animation effect="fade" start="0" end="100" time="400" condition="[Control.HasFocus(60) | Skin.HasSetting(EnableTouchSupport) | Container.Scrolling | Skin.HasSetting(alwaysShowScrollbars)]">Conditional</animation>
                <animation effect="fade" start="100" end="0" time="400" condition="![Control.HasFocus(60) | Skin.HasSetting(EnableTouchSupport) | Container.Scrolling | Skin.HasSetting(alwaysShowScrollbars)]">Conditional</animation>
            </control>
        </control>

        <!-- Loading Spinner -->
        <include content="Busy_Spinner">
            <param name="centerleft" value="50%"/>
            <param name="centertop" value="50%"/>
            <param name="visibility" value="Container(117).IsUpdating + !Integer.IsGreater(Container(117).NumItems,0)"/>
            <param name="size" value="100"/>
        </include>
    </controls>
</window>
