<?xml version="1.0" encoding="utf-8"?>
<window>
    <defaultcontrol always="true">9000</defaultcontrol>
    <controls>
        <control type="group">
			<!-- default animation -->
			<include>animation_window_open_close</include>
            <include>GlobalBackground</include>

<!-- panel background -->
			<control type="image">
				<posy>0</posy>
				<posx>0</posx>
				<width>100%</width>
				<height>100%</height>
				<texture border="5">diffuse/panel.png</texture>
				<colordiffuse>$VAR[BingiePanelColor]</colordiffuse>
                <visible>!Skin.HasSetting(ExtendedInfoHidePanel)</visible>
				<aspectratio>stretch</aspectratio>
			</control>

            <!--NowPlaying-->
            <include condition="!Skin.HasTheme(classic) + !Skin.HasSetting(LowPerformanceMode)">NowPlayingModern</include>
     			<!-- touchscreen workaround for windows tablets -->
			<include condition="Skin.HasSetting(EnableTouchSupport)">TouchScreenWorkaround</include>
			
			<control type="label">
				<include>animation_fade_visible_hidden</include>
				<posx>61</posx>
				<posy>10</posy>
				<width min="80" max="1400">auto</width>
				<height>100</height>
				<font>Bold45</font>
				<align>left</align>
				<textcolor>$INFO[Skin.String(HeaderTextColor)]</textcolor>
				<label>$INFO[Window.Property(Title)]</label>
				<shadowcolor>$INFO[Skin.String(HeaderTextShadowColor)]</shadowcolor>
				<visible>!Window.IsActive(notification) + !Window.IsActive(extendedprogressdialog) + !Control.IsVisible(88888)</visible>
			</control>
			 <control type="label">
				<posy>85</posy>
				<posx>61</posx>
				<width min="0" max="1100">auto</width>
				<height>50</height>
				<label>$INFO[Window.Property(TagLine)]</label>
				<font>Reg30</font>
				<textcolor>$INFO[Skin.String(HeaderTextColor)]</textcolor>
				<shadowcolor>$INFO[Skin.String(HeaderTextShadowColor)]</shadowcolor>
				<include>animation_fade_visible_hidden</include>
				<visible>!Window.IsActive(notification) + !Window.IsActive(extendedprogressdialog) + !Control.IsVisible(88888)</visible>
			</control>
			
			<include condition="!String.IsEqual(Skin.String(general_header),disable)">TimeInfo</include>
			
			<!-- footer with controls -->
				<control type="image">
					<posx>0</posx>
					<bottom>0</bottom>
					<width>100%</width>
					<height>90</height>
					<texture border="5">diffuse/panel.png</texture>
					<colordiffuse>$INFO[Skin.String(GeneralPanelsColor)]</colordiffuse>
				</control>

				<!--Butons 9000-->			
				<control type="grouplist" id="9000">
					<posx>65</posx>
					<bottom>15</bottom>
					<width>1800</width>
					<height>60</height>
					<itemgap>15</itemgap>
					<onup condition="!Skin.HasSetting(EnableTouchSupport)">4000</onup>
					<ondown condition="!Skin.HasSetting(EnableTouchSupport)">4000</ondown>
					<onleft>9000</onleft>
					<onright>9000</onright>
					<orientation>horizontal</orientation>
					
					<!-- touch controls -->
					
					<include condition="Skin.HasSetting(EnableTouchSupport)">back_button</include>
                    <include condition="Skin.HasSetting(EnableTouchSupport)">home_button</include>
					
					<control type="radiobutton" id="6001">
						<visible>false</visible>
					</control>
					<control type="radiobutton" id="6003">
						<visible>false</visible>
					</control>
					<control type="radiobutton" id="6005">
						<visible>false</visible>
					</control>
					<control type="radiobutton" id="6002">
						<visible>false</visible>
					</control>
					<control type="radiobutton" id="6006">
						<visible>false</visible>
					</control>
					
					<!-- play button -->
					<control type="button" id="8">
						<label>$LOCALIZE[208]</label>
						<width>285</width>
						<height>60</height>
						<align>center</align>
						<textoffsetx>0</textoffsetx>
						<visible>!String.IsEmpty(Window.Property(DBID)) + !String.IsEqual(Window.Property(Type),tvshow) + !Integer.IsGreater(Window.Property(PercentPlayed),0)</visible>
					</control>
                    
                    <!-- resume button -->
					<control type="button" id="9">
						<width>285</width>
						<height>60</height>
						<align>center</align>
						<textoffsetx>0</textoffsetx>
						<label>$LOCALIZE[13404] $INFO[Window.Property(PercentPlayed),(,%)]</label>
						<visible>Integer.IsGreater(Window.Property(PercentPlayed),0)</visible>
                        <onclick>Action(Close)</onclick>
					</control>
					
					<!-- play button tvshows -->
					<control type="button" id="120">
						<label>$LOCALIZE[21385]</label>
						<width>285</width>
						<height>60</height>
						<align>center</align>
						<textoffsetx>0</textoffsetx>
						<visible>!String.IsEmpty(Window.Property(DBID)) + String.IsEqual(Window.Property(Type),tvshow)</visible>
					</control>
					
					<!-- manage button -->
					<control type="button" id="445">
						<width>285</width>
						<height>60</height>
						<align>center</align>
						<textoffsetx>0</textoffsetx>
						<label>$ADDON[script.extendedinfo 32133]</label>
						<visible>!Skin.HasSetting(KioskMode.Enabled)</visible>
					</control>
					
					<control type="button" id="244">
                        <!--Go Fullscreen-->
                        <label>244</label>
                        <width>285</width>
                        <height>60</height>
                        <align>center</align>
                        <textoffsetx>0</textoffsetx>
                        <visible>Player.HasVideo</visible>
                        <onclick>Close</onclick>
                        <onclick>ClearProperty(TrailerPlaying,Home)</onclick>
                        <onclick>FullScreen</onclick>
                    </control>
					
					<!-- Trailer on Youtube-->
					<control type="button" id="2356">
						<width>285</width>
						<height>60</height>
						<align>center</align>
						<textoffsetx>0</textoffsetx>
						<label>$LOCALIZE[20410]</label>
                        <onclick>SetFocus(1150,0)</onclick>
                        <onclick>SetProperty(TrailerPlaying,Playing,Home)</onclick>
						<visible>Integer.IsGreater(Container(1150).NumItems,0)</visible>
					</control>
                    
                    
                        <!--Get Thumb Artwork Dump -->
						<control type="button" id="101">
                        <label>13511</label>
                        <width>285</width>
                        <height>60</height>
                        <align>center</align>
                        <textoffsetx>0</textoffsetx>
                        <enable>!Skin.HasSetting(KioskMode.Enabled)</enable>
						<onclick condition="!String.IsEmpty(Window.Property(DBID)) + String.IsEqual(Window.Property(Type),episode) + System.HasAddon(script.artwork.dump)">RunScript(script.artwork.dump, mode=gui, mediatype=episode, dbid=$INFO[Window.Property(DBID)])</onclick>
						<onclick condition="!String.IsEmpty(Window.Property(DBID)) + String.IsEqual(Window.Property(Type),tvshow) + System.HasAddon(script.artwork.dump)">RunScript(script.artwork.dump, mode=gui, mediatype=tvshow, dbid=$INFO[Window.Property(DBID)])</onclick>
						<onclick condition="!String.IsEmpty(Window.Property(DBID)) + String.IsEqual(Window.Property(Type),movie) + System.HasAddon(script.artwork.dump)">RunScript(script.artwork.dump, mode=gui, mediatype=movie, dbid=$INFO[Window.Property(DBID)])</onclick>
						<onclick condition="!System.HasAddon(script.artwork.dump)">RunPlugin(plugin://script.artwork.dump)</onclick>
                    </control>
                    
                    <control type="radiobutton" id="3052">
                        <!--Hide panel behind moviedetails-->
                        <label>31155</label>
                        <width>450</width>
                        <textoffsetx>20</textoffsetx>
                        <align>left</align>
                        <onclick>Skin.ToggleSetting(ExtendedInfoHidePanel)</onclick>
                        <selected>Skin.HasSetting(ExtendedInfoHidePanel)</selected>
                    </control>

				</control>
     
			<control type="group">

                <control type="grouplist" id="4000">
                    <orientation>vertical</orientation>
                    <scrolltime tween="sine">400</scrolltime>
                    <posx>60</posx>
                    <posy>180</posy>
                    <itemgap>0</itemgap>
                    <ondown condition="!Skin.HasSetting(EnableTouchSupport)">9000</ondown>
                    <onup condition="!Skin.HasSetting(EnableTouchSupport)">4000</onup>
					<onleft>9000</onleft>
                    <width>2100</width>
                    <height>800</height>
					<pagecontrol>999</pagecontrol>
                                					<!-- rating stuff -->
					<control type="group">
						<height>130</height>
						<animation effect="fade" time="250">VisibleChange</animation>
						<!--First Row-->
						<control type="group">
							<posy>0</posy>
							<posx>18</posx>
							<control type="image">
								<posx>-13</posx>
								<posy>0</posy>
								<width>1560</width>
								<height>1</height>
								<colordiffuse>$INFO[Skin.String(ViewDetailsTextColor)]</colordiffuse>
								<texture>dialogs/videoinfo/info/infopanel_line.png</texture>
							</control>
							<control type="image">
								<posx>-13</posx>
								<posy>82</posy>
								<width>1560</width>
								<height>1</height>
								<colordiffuse>$INFO[Skin.String(ViewDetailsTextColor)]</colordiffuse>
								<texture>dialogs/videoinfo/info/infopanel_line.png</texture>
							</control>
							<control type="grouplist">
								<posx>-18</posx>
								<posy>0</posy>
								<width>1800</width>
								<itemgap>0</itemgap>
								<orientation>horizontal</orientation>
								<usecontrolcoords>true</usecontrolcoords>
                                <control type="group">
									<posx>0</posx>
									<width>180</width>
									<visible>!String.IsEqual(Window.Property(Rating),0.0) + !String.IsEmpty(Window.Property(Rating))</visible>
									<control type="image">
										<posx>0</posx>
										<height>79</height>
										<width>2</width>
										<colordiffuse>$INFO[Skin.String(ViewDetailsTextColor)]</colordiffuse>
										<texture>dialogs/videoinfo/info/upright.png</texture>
									</control>
									<control type="label">
										<posx>0</posx>
										<posy>12</posy>
										<width>180</width>
										<height>38</height>
										<align>center</align>
										<label fallback="?">$INFO[Window.Property(Rating)]</label>
										<textcolor>$INFO[Skin.String(ViewDetailsTextColor)]</textcolor>
										<shadowcolor>$INFO[Skin.String(ViewDetailsTextShadowColor)]</shadowcolor>
										<font>Bold30</font>
									</control>
									<control type="label">
										<posx>0</posx>
										<posy>37</posy>
										<width>180</width>
										<height>38</height>
										<align>center</align>
										<aligny>center</aligny>
										<label fallback="Rating">$INFO[Window.Property(Votes),, Votes]</label>
										<textcolor>$INFO[Skin.String(ViewDetailsTextColor)]</textcolor>
										<shadowcolor>$INFO[Skin.String(ViewDetailsTextShadowColor)]</shadowcolor>
										<font>Reg24</font>
									</control>
								</control>								
								<control type="group">
									<posx>0</posx>
									<width>220</width>
									<visible>!String.IsEqual(Window.Property(Premiered),0.0) + !String.IsEmpty(Window.Property(Premiered))</visible>
									<control type="image">
										<posx>0</posx>
										<height>79</height>
										<width>2</width>
										<colordiffuse>$INFO[Skin.String(ViewDetailsTextColor)]</colordiffuse>
										<texture>dialogs/videoinfo/info/upright.png</texture>
									</control>
									<control type="label">
										<posx>0</posx>
										<posy>12</posy>
										<width>220</width>
										<height>38</height>
										<align>center</align>
										<label fallback="?">$INFO[Window.Property(Premiered)]</label>
										<textcolor>$INFO[Skin.String(ViewDetailsTextColor)]</textcolor>
										<shadowcolor>$INFO[Skin.String(ViewDetailsTextShadowColor)]</shadowcolor>
										<font>Bold30</font>
									</control>
									<control type="label">
										<posx>0</posx>
										<posy>37</posy>
										<width>220</width>
										<height>38</height>
										<align>center</align>
										<aligny>center</aligny>
										<label fallback="Premiered">$INFO[Premiered]</label>
										<textcolor>$INFO[Skin.String(ViewDetailsTextColor)]</textcolor>
										<shadowcolor>$INFO[Skin.String(ViewDetailsTextShadowColor)]</shadowcolor>
										<font>Reg24</font>
									</control>
								</control>
								<control type="group">
									<posx>0</posx>
									<width>135</width>
									<visible>!String.IsEqual(Window.Property(mpaa),0.0) + !String.IsEmpty(Window.Property(mpaa))</visible>
									<control type="image">
										<posx>0</posx>
										<height>79</height>
										<width>2</width>
										<colordiffuse>$INFO[Skin.String(ViewDetailsTextColor)]</colordiffuse>
										<texture>dialogs/videoinfo/info/upright.png</texture>
									</control>
									<control type="label">
										<posx>0</posx>
										<posy>12</posy>
										<width>135</width>
										<height>38</height>
										<align>center</align>
										<label fallback="?">$INFO[Window.Property(mpaa)]</label>
										<textcolor>$INFO[Skin.String(ViewDetailsTextColor)]</textcolor>
										<shadowcolor>$INFO[Skin.String(ViewDetailsTextShadowColor)]</shadowcolor>
										<font>Bold30</font>	
										</control>
                                        <control type="label">
										<posx>0</posx>
										<posy>37</posy>
										<width>135</width>
										<height>38</height>
										<align>center</align>
										<aligny>center</aligny>
										<label fallback="Rating">$INFO[Rating]</label>
										<textcolor>$INFO[Skin.String(ViewDetailsTextColor)]</textcolor>
										<shadowcolor>$INFO[Skin.String(ViewDetailsTextShadowColor)]</shadowcolor>
										<font>Reg24</font>										
									</control>
								</control>
								<control type="group">
									<posx>0</posx>
									<width>135</width>
									<visible>!String.IsEqual(Window.Property(duration),0.0) + !String.IsEmpty(Window.Property(duration))</visible>
									<control type="image">
										<posx>0</posx>
										<height>79</height>
										<width>2</width>
										<colordiffuse>$INFO[Skin.String(ViewDetailsTextColor)]</colordiffuse>
										<texture>dialogs/videoinfo/info/upright.png</texture>
									</control>
									<control type="label">
										<posx>0</posx>
										<posy>12</posy>
										<width>135</width>
										<height>38</height>
										<align>center</align>
										<label fallback="?">$INFO[Window.Property(duration)]</label>
										<textcolor>$INFO[Skin.String(ViewDetailsTextColor)]</textcolor>
										<shadowcolor>$INFO[Skin.String(ViewDetailsTextShadowColor)]</shadowcolor>
										<font>Bold30</font>
									</control>
									<control type="label">
										<posx>0</posx>
										<posy>37</posy>
										<width>135</width>
										<height>38</height>
										<align>center</align>
										<aligny>center</aligny>
										<label fallback="Minutes">$INFO[Minutes]</label>
										<textcolor>$INFO[Skin.String(ViewDetailsTextColor)]</textcolor>
										<shadowcolor>$INFO[Skin.String(ViewDetailsTextShadowColor)]</shadowcolor>
										<font>Reg24</font>
									</control>
								</control>	
								<control type="group">
									<width>225</width>
									<visible>!String.IsEmpty(Window.Property(ReleaseDate))</visible>
									<control type="label">
										<posx>0</posx>
										<posy>12</posy>
										<width>225</width>
										<height>38</height>
										<align>center</align>
										<label fallback="?">$INFO[Window.Property(ReleaseDate)]</label>
										<textcolor>$INFO[Skin.String(ViewDetailsTextColor)]</textcolor>
										<shadowcolor>$INFO[Skin.String(ViewDetailsTextShadowColor)]</shadowcolor>
										<font>Bold32</font>
									</control>
									<control type="label">
										<posx>0</posx>
										<posy>37</posy>
										<width>225</width>
										<height>38</height>
										<align>center</align>
										<aligny>center</aligny>
										<label fallback="Release Date">$INFO[Window.Property(Status)]</label>
										<textcolor>$INFO[Skin.String(ViewDetailsTextColor)]</textcolor>
										<shadowcolor>$INFO[Skin.String(ViewDetailsTextShadowColor)]</shadowcolor>
										<font>Reg24</font>
									</control>
								</control>
								<control type="group">
									<posx>0</posx>
									<width>225</width>
									<visible>!String.IsEmpty(Window.Property(Budget))</visible>
									<control type="image">
										<posx>0</posx>
										<posy>1</posy>
										<height>79</height>
										<width>2</width>
										<texture>dialogs/videoinfo/info/upright.png</texture>
										<colordiffuse>$INFO[Skin.String(ViewDetailsTextColor)]</colordiffuse>
									</control>
									<control type="label">
										<posx>0</posx>
										<posy>12</posy>
										<width>225</width>
										<height>38</height>
										<align>center</align>
										<label>$INFO[Window.Property(Budget),$]</label>
										<textcolor>$INFO[Skin.String(ViewDetailsTextColor)]</textcolor>
										<shadowcolor>$INFO[Skin.String(ViewDetailsTextShadowColor)]</shadowcolor>
										<font>Bold32</font>
									</control>
									<control type="label">
										<posx>0</posx>
										<posy>37</posy>
										<width>225</width>
										<height>38</height>
										<align>center</align>
										<aligny>center</aligny>
										<label>31379</label>
										<font>Reg24</font>
										<textcolor>$INFO[Skin.String(ViewDetailsTextColor)]</textcolor>
										<shadowcolor>$INFO[Skin.String(ViewDetailsTextShadowColor)]</shadowcolor>
									</control>
								</control>
								<control type="group" id="3300">
									<posx>0</posx>
									<width>225</width>
									<visible>!String.IsEmpty(Window.Property(Revenue))</visible>
									<control type="image">
										<posx>0</posx>
										<posy>1</posy>
										<height>79</height>
										<width>2</width>
										<texture>dialogs/videoinfo/info/upright.png</texture>
										<colordiffuse>$INFO[Skin.String(ViewDetailsTextColor)]</colordiffuse>
									</control>
									<control type="label">
										<posx>0</posx>
										<posy>12</posy>
										<width>225</width>
										<height>38</height>
										<align>center</align>
										<label fallback="?">$INFO[Window.Property(Revenue),$]</label>
										<textcolor>$INFO[Skin.String(ViewDetailsTextColor)]</textcolor>
										<shadowcolor>$INFO[Skin.String(ViewDetailsTextShadowColor)]</shadowcolor>
										<font>Bold32</font>
									</control>
									<control type="label">
										<posx>0</posx>
										<posy>37</posy>
										<width>225</width>
										<height>38</height>
										<align>center</align>
										<aligny>center</aligny>
										<label>31380</label>
										<font>Reg24</font>
										<textcolor>$INFO[Skin.String(ViewDetailsTextColor)]</textcolor>
										<shadowcolor>$INFO[Skin.String(ViewDetailsTextShadowColor)]</shadowcolor>
									</control>
								</control>
								<control type="image">
									<posx>0</posx>
									<posy>1</posy>
									<height>79</height>
									<width>2</width>
									<texture>dialogs/videoinfo/info/upright.png</texture>
									<colordiffuse>$INFO[Skin.String(ViewDetailsTextColor)]</colordiffuse>
								</control>
								<control type="group">
									<width>20</width>
								</control>
								<control type="label" id="800">
									<posy>5</posy>
									<width>720</width>
									<height>65</height>
									<align>left</align>
									<aligny>center</aligny>
									<wrapmultiline>true</wrapmultiline>
									<label>$INFO[Window.Property(omdb.Awards),,[CR]]$INFO[Window.Property(omdb.tomatoConsensus),,[CR] ]</label>
									<textcolor>$INFO[Skin.String(ViewDetailsTextColor)]</textcolor>
									<shadowcolor>$INFO[Skin.String(ViewDetailsTextShadowColor)]</shadowcolor>
									<font>Reg22</font>
								</control>
							</control>
						</control>
					</control>
				
					<!-- normal info -->
                    <control type="group" id="140">
						<visible>!String.IsEmpty(Window.Property(Plot))</visible>
						<height>300</height>
						<control type="radiobutton" id="132">
						<visible>false</visible>
                        </control>
                        <control type="label">
							<posx>0</posx>
							<posy>-35</posy>
							<width>1370</width>
							<height>25</height>
							<label>$INFO[Window.Property(movie.File),[B]$LOCALIZE[21800]: [/B]]</label>
							<textcolor>$INFO[Skin.String(ViewDetailsTextColor)]</textcolor>
							<shadowcolor>$INFO[Skin.String(ViewDetailsTextShadowColor)]</shadowcolor>
                            <visible>!String.IsEmpty(Window.Property(movie.File)) + !Skin.HasSetting(DialogVideoInfo_HideFileName)</visible>
							<align>left</align>
							<font>Reg20</font>
						</control>
						<control type="textbox" id="800">
							<posx>0</posx>
							<posy>10</posy>
							<width>1370</width>
							<height>230</height>
							<label>$INFO[Window.Property(Plot)]</label>
							<textcolor>$INFO[Skin.String(ViewDetailsTextColor)]</textcolor>
							<shadowcolor>$INFO[Skin.String(ViewDetailsTextShadowColor)]</shadowcolor>
							<align>justify</align>
							<font>Reg26</font>
						</control>
                        <control type="image">
							<!--cdart image-->
							<right>426</right>
							<posy>-61</posy>
							<width>300</width>
							<height>300</height>
							<texture background="true" diffuse="diffuse/cdmask_big.png" fallback="defaultcovers/cd_big.png">$INFO[Window.Property(DiscArt)]</texture>
							<aspectratio scalediffuse="false" align="center" aligny="center">scale</aspectratio>
							<animation effect="rotate" end="-360" center="auto" time="600" loop="false" reversible="false" condition="!Skin.HasSetting(AnimateDiscArt)">Conditional</animation>
							<animation effect="rotate" end="-360" center="auto" time="20000" delay="0" loop="true" reversible="false" condition="Skin.HasSetting(AnimateDiscArt)">Conditional</animation>
							<visible>!String.IsEmpty(Window.Property(Poster)) + !String.IsEmpty(Window.Property(DiscArt))</visible>
						</control>
						<control type="image">
							<!--poster-->
							<right>326</right>
							<posy>-130</posy>
							<width>292</width>
							<height>457</height>
							<aspectratio align="right" aligny="top" scalediffuse="true">keep</aspectratio>
							<texture background="true" diffuse="diffuse/poster3.png" fallback="DefaultVideo.png" border="5">$INFO[Window.Property(Poster)]</texture>
						</control>
                                  					</control>
                    				
					<!-- cast panel -->
                    <control type="group" id="50111">
                        <visible>Integer.IsGreater(Container(1000).NumItems,0)</visible>
                        <height>410</height>
                        <control type="label">
                            <posx>4</posx>
                            <posy>0</posy>
                            <width>1540</width>
                            <height>25</height>
                            <aligny>center</aligny>
                            <font>Bold32</font>
                            <textcolor>$INFO[Skin.String(ViewDetailsHighlightTextColor)]</textcolor>
							<shadowcolor>$INFO[Skin.String(ViewDetailsHighlightTextShadowColor)]</shadowcolor>
                            <label>$LOCALIZE[206]$INFO[Container(1000).NumItems, (,)]</label>
                        </control>
						<control type="image">
                            <posx>1810</posx>
                            <posy>106</posy>
                            <width>35</width>
                            <height>150</height>
                            <texture>dialogs/videoinfo/info/arrowright.png</texture>
                            <visible>Container(1000).HasNext</visible>
                        </control>
                        <control type="panel" id="1000">
                            <posx>-3</posx>
                            <posy>40</posy>
                            <width>1808</width>
                            <height>390</height>
                            <onleft>9000</onleft>
                            <onright>1000</onright>
                            <onup condition="!Skin.HasSetting(EnableTouchSupport)">5000</onup>
                            <ondown condition="!Skin.HasSetting(EnableTouchSupport)">750</ondown>
                            <scrolltime>200</scrolltime>
                            <orientation>horizontal</orientation>
                            <itemlayout height="295" width="226">
                                <control type="group">
									<width>203</width>
									<height>280</height>
                                    <include>PosterPanelBingieLayout</include>
                                  </control>
								  <control type="group">
									<left>-3</left>
									<top>260</top>
									<control type="label">
										<width>208</width>
										<label>$INFO[ListItem.Label]</label>
										<font>font10</font>
										<textoffsetx>10</textoffsetx>
										<scroll>false</scroll>
										<align>center</align>
										<textcolor>$INFO[Skin.String(ViewDetailsTextColor)]</textcolor>
									</control>
									<control type="label">
										<top>25</top>
										<width>208</width>
										<label>$INFO[ListItem.Property(Character)]</label>
										<font>font10</font>
										<textoffsetx>10</textoffsetx>
										<scroll>false</scroll>
										<align>center</align>
										<textcolor>$INFO[Skin.String(ViewDetailsTextColor)]</textcolor>
									</control>
								</control>
                            </itemlayout>
                            <focusedlayout height="295" width="226">
                               <control type="group">
									<width>203</width>
									<height>280</height>
                                    <include>PosterPanelBingieLayoutFocus</include>
                                </control>
								<control type="group">
									<left>-3</left>
									<top>260</top>
									<control type="label">
										<width>208</width>
										<label>$INFO[ListItem.Label]</label>
										<font>font10</font>
										<textoffsetx>10</textoffsetx>
										<scroll>true</scroll>
										<align>center</align>
										<textcolor>FFFFFFFF</textcolor>
									</control>
									<control type="label">
										<top>25</top>
										<width>208</width>
										<label>$INFO[ListItem.Property(Character)]</label>
										<font>font10</font>
										<textoffsetx>10</textoffsetx>
										<scroll>true</scroll>
										<align>center</align>
										<textcolor>FFFFFFFF</textcolor>
									</control>
								</control>
                            </focusedlayout>
						</control>
                    </control>
             					
				
					
					
					<!-- crew panel -->
					<control type="group" id="54111">
                        <visible>Integer.IsGreater(Container(750).NumItems,0)</visible>
                        <height>410</height>
                        <control type="label">
                            <posx>4</posx>
                            <posy>0</posy>
                            <width>1540</width>
                            <height>25</height>
                            <aligny>center</aligny>
                          <font>Bold32</font>
                            <textcolor>$INFO[Skin.String(ViewDetailsHighlightTextColor)]</textcolor>
							<shadowcolor>$INFO[Skin.String(ViewDetailsTextShadowColor)]</shadowcolor>
                            <label>$ADDON[script.extendedinfo 32115]$INFO[Container(750).NumItems, (,)]</label>
                        </control>
						<control type="image">
                            <posx>1810</posx>
                            <posy>106</posy>
                            <width>35</width>
                            <height>150</height>
                            <texture>dialogs/videoinfo/info/arrowright.png</texture>
                            <visible>Container(750).HasNext</visible>
                        </control>
                        <control type="panel" id="750">
                            <posx>-3</posx>
                            <posy>40</posy>
                            <width>1808</width>
                            <height>390</height>
                            <onleft>9000</onleft>
                            <onright>750</onright>
                            <onup condition="!Skin.HasSetting(EnableTouchSupport)">1000</onup>
                            <ondown condition="!Skin.HasSetting(EnableTouchSupport)">250</ondown>
                            <scrolltime>200</scrolltime>
                            <orientation>horizontal</orientation>
                            <itemlayout height="295" width="226">
                                <control type="group">
									<width>203</width>
									<height>280</height>
                                    <include>PosterPanelBingieLayout</include>
                                  </control>
								  <control type="group">
									<left>-3</left>
									<top>260</top>
									<control type="label">
										<width>208</width>
										<label>$INFO[ListItem.Label]</label>
										<font>font10</font>
										<textoffsetx>10</textoffsetx>
										<scroll>false</scroll>
										<align>center</align>
										<textcolor>$INFO[Skin.String(ViewDetailsTextColor)]</textcolor>
									</control>
									<control type="label">
										<top>25</top>
										<width>208</width>
										<label>$INFO[ListItem.Property(Job)]</label>
										<font>font10</font>
										<textoffsetx>10</textoffsetx>
										<scroll>false</scroll>
										<align>center</align>
										<textcolor>$INFO[Skin.String(ViewDetailsTextColor)]</textcolor>
									</control>
								</control>
                            </itemlayout>
                            <focusedlayout height="295" width="226">
                               <control type="group">
									<width>203</width>
									<height>280</height>
                                    <include>PosterPanelBingieLayoutFocus</include>
                                </control>
								<control type="group">
									<left>-3</left>
									<top>260</top>
									<control type="label">
										<width>208</width>
										<label>$INFO[ListItem.Label]</label>
										<font>font10</font>
										<textoffsetx>10</textoffsetx>
										<scroll>true</scroll>
										<align>center</align>
										<textcolor>FFFFFFFF</textcolor>
									</control>
									<control type="label">
										<top>25</top>
										<width>208</width>
										<label>$INFO[ListItem.Property(Job)]</label>
										<font>font10</font>
										<textoffsetx>10</textoffsetx>
										<scroll>true</scroll>
										<align>center</align>
										<textcolor>FFFFFFFF</textcolor>
									</control>
								</control>
                            </focusedlayout>
						</control>
                    </control>
                    				
					
             					<!-- movie sets or seasons-->
					<control type="group" id="50113">
                        <height>410</height>
                        <visible>Integer.IsGreater(Container(250).NumItems,0)</visible>
                        <control type="label">
                            <posx>4</posx>
                            <posy>0</posy>
                            <width>1540</width>
                            <height>25</height>
                            <aligny>center</aligny>
                          <font>Bold32</font>
                            <textcolor>$INFO[Skin.String(ViewDetailsHighlightTextColor)]</textcolor>
							<shadowcolor>$INFO[Skin.String(ViewDetailsTextShadowColor)]</shadowcolor>
                            <label>$INFO[Window.Property(set.label)]$INFO[Container(250).NumItems, (,)]</label>
							<visible>!Integer.IsGreater(Container(250).NumItems,0)</visible>
                        </control>
						 <control type="label">
                            <posx>5</posx>
                            <posy>0</posy>
                            <width>1540</width>
                            <height>25</height>
                            <aligny>center</aligny>
                          <font>Bold32</font>
                            <textcolor>$INFO[Skin.String(ViewDetailsHighlightTextColor)]</textcolor>
							<shadowcolor>$INFO[Skin.String(ViewDetailsTextShadowColor)]</shadowcolor>
                            <label>$LOCALIZE[33054] $INFO[Container(250).NumItems, (,)]</label>
							<visible>Integer.IsGreater(Container(250).NumItems,0)</visible>
                        </control>
                        <control type="image">
                            <posx>1810</posx>
                            <posy>106</posy>
                            <width>35</width>
                            <height>150</height>
                            <texture>dialogs/videoinfo/info/arrowright.png</texture>
                            <visible>Container(250).HasNext</visible>
                        </control>
                        <control type="panel" id="250">
                            <posx>0</posx>
                            <posy>40</posy>
                            <width>1808</width>
                            <height>390</height>
                            <onleft>9000</onleft>
                            <onright>250</onright>
                            <onup condition="!Skin.HasSetting(EnableTouchSupport)">750</onup>
                            <ondown condition="!Skin.HasSetting(EnableTouchSupport)">1150</ondown>
                            <scrolltime>200</scrolltime>
                            <orientation>horizontal</orientation>
							<itemlayout height="295" width="226">
                                <control type="group">
									<width>203</width>
									<height>280</height>
                                    <include>PosterPanelBingieLayout</include>
                                  </control>
								  <control type="group">
									<left>-3</left>
									<top>260</top>
									<control type="label">
										<width>208</width>
										<label>$INFO[ListItem.Label]</label>
										<font>font10</font>
										<textoffsetx>10</textoffsetx>
										<scroll>false</scroll>
										<align>center</align>
										<textcolor>$INFO[Skin.String(ViewDetailsTextColor)]</textcolor>
									</control>
									<control type="label">
										<top>25</top>
										<width>208</width>
										<label>$INFO[ListItem.Year]</label>
										<font>font10</font>
										<textoffsetx>10</textoffsetx>
										<scroll>false</scroll>
										<align>center</align>
										<textcolor>$INFO[Skin.String(ViewDetailsTextColor)]</textcolor>
									</control>
								</control>
                            </itemlayout>
                            <focusedlayout height="295" width="226">
                               <control type="group">
									<width>203</width>
									<height>280</height>
                                    <include>PosterPanelBingieLayoutFocus</include>
                                </control>
								<control type="group">
									<left>-3</left>
									<top>260</top>
									<control type="label">
										<width>208</width>
										<label>$INFO[ListItem.Label]</label>
										<font>font10</font>
										<textoffsetx>10</textoffsetx>
										<scroll>true</scroll>
										<align>center</align>
										<textcolor>FFFFFFFF</textcolor>
									</control>
									<control type="label">
										<top>25</top>
										<width>208</width>
										<label>$INFO[ListItem.Year]</label>
										<font>font10</font>
										<textoffsetx>10</textoffsetx>
										<scroll>true</scroll>
										<align>center</align>
										<textcolor>FFFFFFFF</textcolor>
									</control>
								</control>
                            </focusedlayout>
						</control>
                    </control>
             					<!-- official movies -->
					<control type="group">
                        <visible>Integer.IsGreater(Container(1150).NumItems,0)</visible>
                        <height>318</height>
                        <control type="label">
                            <posx>4</posx>
                            <posy>0</posy>
                            <width>1540</width>
                            <height>25</height>
                            <aligny>center</aligny>
                          <font>Bold32</font>
                            <textcolor>$INFO[Skin.String(ViewDetailsHighlightTextColor)]</textcolor>
							<shadowcolor>$INFO[Skin.String(ViewDetailsTextShadowColor)]</shadowcolor>
                            <label>$ADDON[script.extendedinfo 32117]</label>
                        </control>
                         <control type="image">
                            <posx>1810</posx>
                            <posy>85</posy>
                            <width>35</width>
                            <height>150</height>
                            <texture>dialogs/videoinfo/info/arrowright.png</texture>
                            <visible>Container(1150).HasNext</visible>
                        </control>
                        <control type="panel" id="1150">
                            <posx>1</posx>
                            <posy>40</posy>
                            <width>1800</width>
                            <height>250</height>
                            <onleft>9000</onleft>
                            <onright>1150</onright>
                            <onup condition="!Skin.HasSetting(EnableTouchSupport)">250</onup>
                            <ondown condition="!Skin.HasSetting(EnableTouchSupport)">350</ondown>
                            <pagecontrol>60</pagecontrol>
                            <scrolltime>300</scrolltime>
                            <focusposition>0</focusposition>
                            <orientation>horizontal</orientation>
                            <preloaditems>2</preloaditems>
							<itemlayout width="360" height="240">
								<control type="group">
                                    <width>348</width>
                                    <height>240</height>
                                    <include>ThumbsViewBingieLayout</include>
                                </control>
							</itemlayout>
							<focusedlayout width="360" height="220">
								<control type="group">
                                    <width>348</width>
                                    <height>240</height>
                                    <include>ThumbsViewBingieLayoutFocus</include>
                                </control>
							</focusedlayout>
						</control>
                    </control>
             					<!-- youtube movies -->
					<control type="group">
                        <visible>Integer.IsGreater(Container(350).NumItems,0)</visible>
                        <height>318</height>
                        <control type="label">
                            <posx>4</posx>
                            <posy>0</posy>
                            <width>1540</width>
                            <height>25</height>
                            <aligny>center</aligny>
                          <font>Bold32</font>
                            <textcolor>$INFO[Skin.String(ViewDetailsHighlightTextColor)]</textcolor>
							<shadowcolor>$INFO[Skin.String(ViewDetailsTextShadowColor)]</shadowcolor>
                            <label>$ADDON[script.extendedinfo 32118]</label>
                        </control>
                        <control type="image">
                            <posx>1810</posx>
                            <posy>85</posy>
                            <width>35</width>
                            <height>150</height>
                            <texture>dialogs/videoinfo/info/arrowright.png</texture>
                            <visible>Container(350).HasNext</visible>
                        </control>
                        <control type="panel" id="350">
                            <posx>1</posx>
                            <posy>40</posy>
                            <width>1800</width>
                            <height>250</height>
							<onleft>9000</onleft>
                            <onright>350</onright>
                            <onup condition="!Skin.HasSetting(EnableTouchSupport)">1150</onup>
                            <ondown condition="!Skin.HasSetting(EnableTouchSupport)">550</ondown>
                            <pagecontrol>60</pagecontrol>
                            <scrolltime>300</scrolltime>
                            <focusposition>0</focusposition>
                            <orientation>horizontal</orientation>
                            <preloaditems>2</preloaditems>
                            <itemlayout width="360" height="240">
								<control type="group">
                                    <width>345</width>
                                    <height>240</height>
                                    <include>ThumbsViewBingieLayout</include>
                                </control>
							</itemlayout>
							<focusedlayout width="360" height="240">
								<control type="group">
                                    <width>345</width>
                                    <height>240</height>
                                    <include>ThumbsViewBingieLayoutFocus</include>
                                </control>
							</focusedlayout>

						</control>
                    </control>
             					<!-- studios -->
					<control type="group">
                        <visible>Integer.IsGreater(Container(550).NumItems,0)</visible>
                        <height>194</height>
                        <control type="label">
                            <posx>4</posx>
                            <posy>0</posy>
                            <width>1540</width>
                            <height>25</height>
                            <aligny>center</aligny>
                          <font>Bold32</font>
                            <textcolor>$INFO[Skin.String(ViewDetailsHighlightTextColor)]</textcolor>
							<shadowcolor>$INFO[Skin.String(ViewDetailsTextShadowColor)]</shadowcolor>
                            <label>$LOCALIZE[20388]</label>
                        </control>
                       <control type="image">
                            <posx>1810</posx>
                            <posy>59</posy>
                            <width>35</width>
                            <height>80</height>
                            <texture>dialogs/videoinfo/info/arrowright.png</texture>
                            <visible>Container(550).HasNext</visible>
                        </control>
                        <control type="panel" id="550">
                            <posx>0</posx>
                            <posy>49</posy>
                            <width>1800</width>
                            <height>160</height>
                            <onleft>9000</onleft>
                            <onright>550</onright>
                            <onup condition="!Skin.HasSetting(EnableTouchSupport)">350</onup>
                            <ondown condition="!Skin.HasSetting(EnableTouchSupport)">1450</ondown>
                            <pagecontrol>60</pagecontrol>
                            <scrolltime>300</scrolltime>
                            <focusposition>0</focusposition>
                            <orientation>horizontal</orientation>
                            <preloaditems>2</preloaditems>
                            <itemlayout height="200" width="360">
                                <control type="group">
                                    <posx>5</posx>
                                    <control type="image">
                                        <posy>0</posy>
                                        <width>340</width>
                                        <height>100</height>
                                        <texture border="5" colordiffuse="ff1b1b1b">diffuse/panel3.png</texture>
										
                                    </control>
                                    <control type="image">
                                        <posy>5</posy>
										<posx>5</posx>
                                        <width>330</width>
                                        <height>90</height>
                                        <texture border="5" colordiffuse="ff000000">diffuse/panel3.png</texture>
                                    </control>
                                   <control type="label">
										<left>10</left>
										<width>320</width>
										<height>93</height>
										<align>center</align>
										<aligny>center</aligny>
										<textcolor>$INFO[Skin.String(ViewDetailsListItemTextColor)]</textcolor>
										<font>Reg28</font>
										<label>$INFO[ListItem.Label]</label>
									</control>
                                </control>
                            </itemlayout>
                            <focusedlayout height="200" width="360">
                                <control type="group">
                                    <posx>5</posx>
                                    <control type="image">
                                        <posy>0</posy>
                                        <width>340</width>
                                        <height>100</height>
                                        <texture border="5" colordiffuse="FFFFFFFF">diffuse/panel3.png</texture>
                                    </control>
                                    <control type="image">
                                        <posy>4</posy>
										<posx>4</posx>
                                        <width>332</width>
                                        <height>92</height>
                                        <texture border="5" colordiffuse="ff000000">diffuse/panel3.png</texture>
                                    
                                    </control>
                                   <control type="label">
										<left>10</left>
										<width>320</width>
										<height>93</height>
										<align>center</align>
										<aligny>center</aligny>
										<textcolor>FFFFFFFF</textcolor>
										<font>Reg28</font>
										<label>$INFO[ListItem.Label]</label>
										<scroll>true</scroll>
									</control>
                                </control>
                            </focusedlayout>
                 						</control>
                    </control>
             					<!-- networks -->
					<control type="group">
                        <visible>Integer.IsGreater(Container(1450).NumItems,0)</visible>
                        <height>194</height>
                        <control type="label">
                            <posx>4</posx>
                            <posy>0</posy>
                            <width>1540</width>
                            <height>25</height>
                            <aligny>center</aligny>
                          <font>Bold32</font>
                            <textcolor>$INFO[Skin.String(ViewDetailsHighlightTextColor)]</textcolor>
							<shadowcolor>$INFO[Skin.String(ViewDetailsTextShadowColor)]</shadowcolor>
                            <label>$ADDON[script.extendedinfo 32152]</label>
                        </control>
                        <control type="image">
                            <posx>1810</posx>
                            <posy>59</posy>
                            <width>35</width>
                            <height>80</height>
                            <texture>dialogs/videoinfo/info/arrowright.png</texture>
                            <visible>Container(1450).HasNext</visible>
                        </control>
                        <control type="panel" id="1450">
                            <posx>0</posx>
                            <posy>49</posy>
                            <width>1800</width>
                            <height>160</height>
                            <onleft>9000</onleft>
                            <onright>1450</onright>
                            <onup condition="!Skin.HasSetting(EnableTouchSupport)">550</onup>
                            <ondown condition="!Skin.HasSetting(EnableTouchSupport)">850</ondown>
                            <pagecontrol>60</pagecontrol>
                            <scrolltime>300</scrolltime>
                            <focusposition>0</focusposition>
                            <orientation>horizontal</orientation>
                            <preloaditems>2</preloaditems>
                             <itemlayout height="200" width="360">
                                <control type="group">
                                    <posx>5</posx>
                                    <control type="image">
                                        <posy>0</posy>
                                        <width>340</width>
                                        <height>100</height>
                                        <texture border="5" colordiffuse="ff1b1b1b">diffuse/panel3.png</texture>										
                                    </control>
                                    <control type="image">
                                        <posy>5</posy>
										<posx>5</posx>
                                        <width>330</width>
                                        <height>90</height>
                                        <texture border="5" colordiffuse="ff000000">diffuse/panel3.png</texture>
                                    </control>
                             <control type="label">
										<left>10</left>
										<width>320</width>
										<height>93</height>
										<align>center</align>
										<aligny>center</aligny>
										<textcolor>$INFO[Skin.String(ViewDetailsListItemTextColor)]</textcolor>
										<font>Reg28</font>
										<label>$INFO[ListItem.Label]</label>
									</control>
                                </control>
                            </itemlayout>
                            <focusedlayout height="200" width="360">
                                <control type="group">
                                    <posx>5</posx>
                                    <control type="image">
                                        <posy>0</posy>
                                        <width>340</width>
                                        <height>100</height>
                                        <texture border="5" colordiffuse="FFFFFFFF">diffuse/panel3.png</texture>
                                    </control>
                                    <control type="image">
                                        <posy>4</posy>
										<posx>4</posx>
                                        <width>332</width>
                                        <height>92</height>
                                        <texture border="5" colordiffuse="ff000000">diffuse/panel3.png</texture>
                                    </control>
                                   <control type="label">
										<left>10</left>
										<width>320</width>
										<height>93</height>
										<align>center</align>
										<aligny>center</aligny>
										<textcolor>FFFFFFFF</textcolor>
										<font>Reg28</font>
										<label>$INFO[ListItem.Label]</label>
										<scroll>true</scroll>
									</control>
                                </control>
                            </focusedlayout>
                        </control>
                    </control>
             					
					
					<!-- Genres -->
                    <control type="group">
                        <visible>Integer.IsGreater(Container(850).NumItems,0)</visible>
                        <height>194</height>
                        <control type="label">
                           <posx>4</posx>
                            <posy>0</posy>
                            <width>1540</width>
                            <height>25</height>
                            <aligny>center</aligny>
                          <font>Bold32</font>
                            <textcolor>$INFO[Skin.String(ViewDetailsHighlightTextColor)]</textcolor>
							<shadowcolor>$INFO[Skin.String(ViewDetailsTextShadowColor)]</shadowcolor>
                            <label>135</label>
                        </control>
                        <control type="panel" id="850">
                            <posx>0</posx>
                            <posy>49</posy>
                            <width>1800</width>
                            <height>160</height>
                            <onleft>9000</onleft>
                            <onright>850</onright>
                            <onup condition="!Skin.HasSetting(EnableTouchSupport)">1450</onup>
                            <ondown condition="!Skin.HasSetting(EnableTouchSupport)">1050</ondown>
                            <pagecontrol>60</pagecontrol>
                            <scrolltime>300</scrolltime>
                            <focusposition>0</focusposition>
                            <orientation>horizontal</orientation>
                            <itemlayout height="100" width="360">
                                <control type="group">
                                    <posx>5</posx>
                                    <control type="image">
                                        <posy>0</posy>
                                        <width>340</width>
                                        <height>100</height>
                                        <texture border="5" colordiffuse="ff1b1b1b">diffuse/panel3.png</texture>
                                    </control>
                                    <control type="image">
                                        <posy>5</posy>
										<posx>5</posx>
                                        <width>330</width>
                                        <height>90</height>
                                        <texture border="5" colordiffuse="ff000000">diffuse/panel3.png</texture>
                                    </control>
                                   <control type="label">
										<left>10</left>
										<width>320</width>
										<height>93</height>
										<align>center</align>
										<aligny>center</aligny>
										<textcolor>$INFO[Skin.String(ViewDetailsListItemTextColor)]</textcolor>
										<font>Reg28</font>
										<label>$INFO[ListItem.Label]</label>
									</control>
                                </control>
                            </itemlayout>
                            <focusedlayout height="100" width="360">
                                <control type="group">
                                    <posx>5</posx>
                                    <control type="image">
                                        <posy>0</posy>
                                        <width>340</width>
                                        <height>100</height>
                                        <texture border="5" colordiffuse="FFFFFFFF">diffuse/panel3.png</texture>
                                    </control>
                                    <control type="image">
                                        <posy>4</posy>
										<posx>4</posx>
                                        <width>332</width>
                                        <height>92</height>
                                        <texture border="5" colordiffuse="ff000000">diffuse/panel3.png</texture>
                                    </control>
                                   <control type="label">
										<left>10</left>
										<width>320</width>
										<height>93</height>
										<align>center</align>
										<aligny>center</aligny>
										<textcolor>FFFFFFFF</textcolor>
										<font>Reg28</font>
										<label>$INFO[ListItem.Label]</label>
										<scroll>true</scroll>
									</control>
                                </control>
                            </focusedlayout>
                        </control>
                    </control>
             					<!-- reviews -->
					<control type="group">
                        <visible>Integer.IsGreater(Container(1050).NumItems,0)</visible>
                        <height>392</height>
                        <control type="label">
                            <posx>4</posx>
                            <posy>0</posy>
                            <width>500</width>
                            <height>25</height>
                            <aligny>center</aligny>
                            <font>Bold32</font>
                            <textcolor>$INFO[Skin.String(ViewDetailsHighlightTextColor)]</textcolor>
                            <label>$ADDON[script.extendedinfo 32167]</label>
                        </control>
						<control type="image">
                            <posx>1810</posx>
                            <posy>148</posy>
                            <width>35</width>
                            <height>100</height>
                            <texture>dialogs/videoinfo/info/arrowright.png</texture>
                            <visible>Container(1050).HasNext</visible>
                        </control>
                        <control type="panel" id="1050">
                            <posx>5</posx>
                            <posy>48</posy>
                            <width>1800</width>
                            <height>320</height>
                            <onleft>9000</onleft>
                            <onright>1050</onright>
                            <onup condition="!Skin.HasSetting(EnableTouchSupport)">850</onup>
                            <ondown condition="!Skin.HasSetting(EnableTouchSupport)">1250</ondown>
                            <pagecontrol>60</pagecontrol>
                            <scrolltime>300</scrolltime>
                            <focusposition>0</focusposition>
                            <orientation>horizontal</orientation>
                            <preloaditems>2</preloaditems>
							<itemgap>50</itemgap>
							
							<itemlayout height="300" width="900">
                                <control type="group">
                                    <control type="image">
										<width>874</width>
                                        <texture border="5" colordiffuse="ff1b1b1b">diffuse/panel3.png</texture>
                                    </control>
                                    <control type="image">
										<width>874</width>
										<bordersize>5</bordersize>
                                        <texture border="5" colordiffuse="ff000000">diffuse/panel3.png</texture>
                                    </control>
                                   <control type="textbox">
										<top>20</top>
										<left>20</left>
										<width>820</width>
										<height>260</height>
										<align>justify</align>
										
										<textcolor>$INFO[Skin.String(ViewDetailsListItemTextColor)]</textcolor>
										<font>Reg26</font>
										<label>$INFO[ListItem.Property(Author),[B],[/B][CR]]$INFO[ListItem.Property(Content)]</label>
									</control>
                                </control>
                            </itemlayout>
                            <focusedlayout height="300" width="900">
                                <control type="group">
                                    <control type="image">
										<width>874</width>
                                        <texture border="5" colordiffuse="FFFFFFFF">diffuse/panel3.png</texture>
                                    </control>
                                    <control type="image">
										<width>874</width>
										<bordersize>4</bordersize>
                                        <texture border="5" colordiffuse="ff000000">diffuse/panel3.png</texture>
                                    </control>
                                   <control type="textbox">
										<top>20</top>
										<left>20</left>
										<width>820</width>
										<height>260</height>
										<align>justify</align>
										
										<textcolor>FFFFFFFF</textcolor>
										<font>Reg26</font>
										<label>$INFO[ListItem.Property(Author),[B],[/B][CR]]$INFO[ListItem.Property(Content)]</label>
									</control>
                                </control>
                            </focusedlayout>
						</control>
                    </control>
             						
             					<!-- artwork (posters) -->
					<control type="group">
                        <height>356</height>
                        <visible>Integer.IsGreater(Container(1250).NumItems,0)</visible>
                        <control type="label">
                            <posx>4</posx>
							<posy>0</posy>
                            <width>500</width>
                            <height>25</height>
                            <aligny>center</aligny>
                          <font>Bold32</font>
                            <textcolor>$INFO[Skin.String(ViewDetailsHighlightTextColor)]</textcolor>
							<shadowcolor>$INFO[Skin.String(ViewDetailsTextShadowColor)]</shadowcolor>
                            <label>$ADDON[script.extendedinfo 32119]</label>
                        </control>
						<control type="image">
                            <posx>1810</posx>
                            <posy>106</posy>
                            <width>35</width>
                            <height>150</height>
                            <texture>dialogs/videoinfo/info/arrowright.png</texture>
                            <visible>Container(1250).HasNext</visible>
                        </control>
                        <control type="panel" id="1250">
                            <posx>-10</posx>
                            <posy>33</posy>
                            <width>1808</width>
                            <height>390</height>
                            <onleft>9000</onleft>
                            <onright>1250</onright>
                            <onup condition="!Skin.HasSetting(EnableTouchSupport)">1050</onup>
                            <ondown condition="!Skin.HasSetting(EnableTouchSupport)">1350</ondown>
                            <scrolltime>200</scrolltime>
                            <orientation>horizontal</orientation>
                            <itemlayout height="295" width="226">
                                <control type="group">									
									<posy>10</posy>
									<posx>10</posx>									
									  <control type="image">
										<width>197</width>
										<height>274</height>
										<texture border="0" background="true" diffuse="diffuse/poster3.png" fallback="DefaultActorPoster.png">$INFO[ListItem.Art(thumb)]</texture>
										<aspectratio scalediffuse="false" aligny="center" align="center">stretch</aspectratio><bordersize>5</bordersize>
									  </control>
                                </control>
                            </itemlayout>
                            <focusedlayout height="295" width="226">
                               <control type="group">								
									<posy>11</posy>
									<posx>11</posx>
                                    <control type="image">
										<width>195</width>
										<height>272</height>
										<include>PosterThumbFO_DefsBingie</include>
									  </control>
									  <control type="image">
										<width>195</width>
										<height>272</height>
										<texture border="0" background="true" diffuse="diffuse/poster3.png" fallback="DefaultActorPoster.png">$INFO[ListItem.Art(thumb)]</texture>
										<aspectratio scalediffuse="false" aligny="center" align="center">stretch</aspectratio><bordersize>4</bordersize>
									  </control>
                                </control>
                            </focusedlayout>
						</control>
                    </control>
             					<!-- fanart -->
					<control type="group">
                        <height>282</height>
                        <visible>Integer.IsGreater(Container(1350).NumItems,0)</visible>
                        <control type="label">
                            <posx>4</posx>
							<posy>0</posy>
                            <width>500</width>
                            <height>25</height>
                            <aligny>center</aligny>
                          <font>Bold32</font>
                            <textcolor>$INFO[Skin.String(ViewDetailsHighlightTextColor)]</textcolor>
							<shadowcolor>$INFO[Skin.String(ViewDetailsTextShadowColor)]</shadowcolor>
                            <label>$LOCALIZE[20445]</label>
                        </control>
						<control type="image">
                            <posx>1810</posx>
                            <posy>67</posy>
                            <width>35</width>
                            <height>150</height>
                            <texture>dialogs/videoinfo/info/arrowright.png</texture>
                            <visible>Container(1350).HasNext</visible>
                        </control>
                        <control type="panel" id="1350">
                            <posx>0</posx>
                            <posy>42</posy>
                            <width>1800</width>
                            <height>280</height>
                            <onleft>9000</onleft>
                            <onright>1350</onright>
                            <onup condition="!Skin.HasSetting(EnableTouchSupport)">1250</onup>
                            <ondown condition="!Skin.HasSetting(EnableTouchSupport)">150</ondown>
                            <scrolltime>200</scrolltime>
                            <orientation>horizontal</orientation>
                            <itemlayout width="360" height="226">
								<control type="group">
									<width>340</width>
									<height>200</height>
									<control type="image">
										<!--Panel Normal-->
										<bordersize>5</bordersize>
										<texture background="true" diffuse="home/home_matte3.png" fallback="resource://resource.images.skinicons.wide/video.png">$INFO[ListItem.Art(thumb)]</texture>
										<aspectratio scalediffuse="true" align="center" aligny="center">scale</aspectratio>
									</control>
								</control>
							</itemlayout>
							<focusedlayout width="360" height="226">
								<control type="group">
									<width>338</width>
									<height>198</height>
									<posy>1</posy>
									<posx>1</posx>
									<control type="image">
										<texture>home/home_matte3.png</texture>
										<colordiffuse>FFFFFFFF</colordiffuse>
									  </control>
									<control type="image">
										<!--Panel Normal-->
										<bordersize>4</bordersize>
										<texture background="true" diffuse="home/home_matte3.png" fallback="resource://resource.images.skinicons.wide/video.png">$INFO[ListItem.Art(thumb)]</texture>
										<aspectratio scalediffuse="true" align="center" aligny="center">scale</aspectratio>
									</control>
								</control>
							</focusedlayout>

						</control>
                    </control>			

<!-- recommended by TMDB -->
					<control type="group" id="50112">
                        <visible>Integer.IsGreater(Container(150).NumItems,0)</visible>
                        <height>410</height>
                        <control type="label">
                            <posx>4</posx>
                            <posy>0</posy>
                            <width>1540</width>
                            <height>25</height>
                            <aligny>center</aligny>
                          <font>Bold32</font>
                            <textcolor>$INFO[Skin.String(ViewDetailsHighlightTextColor)]</textcolor>
							<shadowcolor>$INFO[Skin.String(ViewDetailsTextShadowColor)]</shadowcolor>
                            <label>$ADDON[script.extendedinfo 32116]$INFO[Container(150).NumItems, (,)]</label>
                        </control>
                        <control type="image">
                            <posx>1810</posx>
                            <posy>106</posy>
                            <width>35</width>
                            <height>150</height>
                            <texture>dialogs/videoinfo/info/arrowright.png</texture>
                            <visible>Container(150).HasNext</visible>
                        </control>
                        <control type="panel" id="150">
                            <posx>0</posx>
                            <posy>40</posy>
                            <width>1808</width>
                            <height>390</height>
                            <onleft>9000</onleft>
                            <onright>150</onright>
                            <onup condition="!Skin.HasSetting(EnableTouchSupport)">1350</onup>
                            <ondown condition="!Skin.HasSetting(EnableTouchSupport)">2000</ondown>
                            <scrolltime>200</scrolltime>
                            <orientation>horizontal</orientation>
							 <itemlayout height="295" width="226">
                                <control type="group">
									<width>203</width>
									<height>280</height>
                                    <include>PosterPanelBingieLayout</include>
                                  </control>
								  <control type="group">
									<left>-3</left>
									<top>260</top>
									<control type="label">
										<width>208</width>
										<label>$INFO[ListItem.Label]</label>
										<font>font10</font>
										<textoffsetx>10</textoffsetx>
										<scroll>false</scroll>
										<align>center</align>
										<textcolor>$INFO[Skin.String(ViewDetailsTextColor)]</textcolor>
									</control>
									<control type="label">
										<top>25</top>
										<width>208</width>
										<label>$INFO[ListItem.Year]</label>
										<font>font10</font>
										<textoffsetx>10</textoffsetx>
										<scroll>false</scroll>
										<align>center</align>
										<textcolor>$INFO[Skin.String(ViewDetailsTextColor)]</textcolor>
									</control>
								</control>
                            </itemlayout>
                            <focusedlayout height="295" width="226">
                               <control type="group">
									<width>203</width>
									<height>280</height>
                                    <include>PosterPanelBingieLayoutFocus</include>
                                </control>
								<control type="group">
									<left>-3</left>
									<top>260</top>
									<control type="label">
										<width>208</width>
										<label>$INFO[ListItem.Label]</label>
										<font>font10</font>
										<textoffsetx>10</textoffsetx>
										<scroll>true</scroll>
										<align>center</align>
										<textcolor>FFFFFFFF</textcolor>
									</control>
									<control type="label">
										<top>25</top>
										<width>208</width>
										<label>$INFO[ListItem.Year]</label>
										<font>font10</font>
										<textoffsetx>10</textoffsetx>
										<scroll>true</scroll>
										<align>center</align>
										<textcolor>FFFFFFFF</textcolor>
									</control>
								</control>
                            </focusedlayout>
						
						</control>
                    </control>

             					<!-- episode index -->
					<control type="group">
                        <visible>Integer.IsGreater(Container(2000).NumItems,0)</visible>
                        <height>318</height>
                        <control type="label">
                            <posx>4</posx>
                            <posy>0</posy>
                            <width>500</width>
                            <height>25</height>
                            <aligny>center</aligny>
                          <font>Bold32</font>
                            <textcolor>$INFO[Skin.String(ViewDetailsHighlightTextColor)]</textcolor>
							<shadowcolor>$INFO[Skin.String(ViewDetailsTextShadowColor)]</shadowcolor>
                            <label>31382</label>
                        </control>
						 <control type="image">
                            <posx>1810</posx>
                            <posy>70</posy>
                            <width>35</width>
                            <height>150</height>
                            <texture>dialogs/videoinfo/info/arrowright.png</texture>
                            <visible>Container(2000).HasNext</visible>
                        </control>
                        <control type="panel" id="2000">
                            <posx>-4</posx>
                            <posy>44</posy>
                            <width>1800</width>
                            <height>260</height>
                            <onleft>9000</onleft>
                            <onright>2000</onright>
                            <onup condition="!Skin.HasSetting(EnableTouchSupport)">150</onup>
                            <ondown condition="!Skin.HasSetting(EnableTouchSupport)">9000</ondown>
                            <pagecontrol>60</pagecontrol>
                            <scrolltime>300</scrolltime>
                            <focusposition>0</focusposition>
                            <orientation>horizontal</orientation>
                            <preloaditems>2</preloaditems>
							<itemlayout width="360" height="200">
								<control type="group">
									<posx>5</posx>
									
									<control type="image">
										<width>340</width>
										<height>200</height>
										<include>PosterThumbBGBingie</include>
									  </control>
									<control type="image">
										<!--Panel Normal-->
										<posx>4</posx>
										<posy>4</posy>
										<width>332</width>
										<height>192</height>
										<texture background="true" diffuse="home/home_matte3.png" fallback="resource://resource.images.skinicons.wide/video.png">$INFO[ListItem.Art(thumb)]</texture>
										<aspectratio scalediffuse="true" align="center" aligny="center">scale</aspectratio>
									</control>								
									<control type="label">
										<bottom>-44</bottom>
										<left>4</left>
										<width>332</width>
										<textcolor>$INFO[Skin.String(ViewDetailsTextColor)]</textcolor>
										<font>Reg20</font>
										<label>$INFO[ListItem.Episode,[B],[/B]]$INFO[ListItem.Label,[B]:[/B] ]</label>
									</control>
								</control>
							</itemlayout>
							<focusedlayout width="362" height="200">
								<control type="group">
									<posx>5</posx>
									<control type="image">
										<width>340</width>
										<height>200</height>
										<include>PosterThumbFO_DefsBingie</include>
									  </control>
									<control type="image">
										<!--Panel Normal-->
										<posx>4</posx>
										<posy>4</posy>
										<width>332</width>
										<height>192</height>
										<texture background="true" diffuse="home/home_matte3.png" fallback="resource://resource.images.skinicons.wide/video.png">$INFO[ListItem.Art(thumb)]</texture>
										<aspectratio scalediffuse="true" align="center" aligny="center">scale</aspectratio>
									</control>
									<control type="label">
										<bottom>-44</bottom>
										<left>4</left>
										<width>332</width>
										<textcolor>FFFFFFFF</textcolor>
										<font>Reg20</font>
										<label>$INFO[ListItem.Episode,[B],[/B]]$INFO[ListItem.Label,[B]:[/B] ]</label>
										<scroll>true</scroll>
									</control>
								</control>
							</focusedlayout>
						</control>
                    </control>
					
					<!-- buttons (hidden)
					<control type="grouplist" id="5000">
						<posx>60</posx>
						<posy>140</posy>
						<width>1090</width>
						<height>400</height>
						<onleft>9000</onleft>
						<onright>5000</onright>
						<onup condition="!Skin.HasSetting(EnableTouchSupport)">2000</onup>
						<ondown condition="!Skin.HasSetting(EnableTouchSupport)">1000</ondown>
						<itemgap>-10</itemgap>
						<visible>false</visible>
						<orientation>horizontal</orientation>
						<scrolltime tween="quadratic">200</scrolltime>
						<control type="group" id="20000">
							<posx>0</posx>
							<posy>0</posy>
							<visible>false</visible>
							<width>280</width>
							<height>400</height>
							<control type="radiobutton" id="6001">
								<visible>false</visible>
							</control>
							<control type="label">
								<visible>false</visible>
							</control>
						</control>
						
					</control> -->
         				
				</control>
         				<!--vertical Scollbar-->
				<control type="scrollbar" id="999">
					<right>5</right>
					<posy>175</posy>
					<height>770</height>
					<onup condition="!Skin.HasSetting(EnableTouchSupport)">60</onup>
					<ondown condition="!Skin.HasSetting(EnableTouchSupport)">60</ondown>
					<onleft>4000</onleft>
					<animation effect="fade" start="0" end="100" time="400" condition="Control.HasFocus(60) | Skin.HasSetting(EnableTouchSupport) | Container.Scrolling | Skin.HasSetting(alwaysShowScrollbars)">Conditional</animation>
					<animation effect="fade" start="100" end="0" time="400" condition="![Control.HasFocus(60) | Skin.HasSetting(EnableTouchSupport) | Container.Scrolling | Skin.HasSetting(alwaysShowScrollbars)]">Conditional</animation>
				</control>
				
				<!--Movie info-->
                <control type="group" id="33000">
                    <posx>825</posx>
                    <posy>22</posy>
                    <visible>false</visible>
                    <animation effect="fade" time="250">VisibleChange</animation>
                </control>
				
				
				
				
			</control>
        </control>
    </controls>
</window>
