<?xml version="1.0" encoding="UTF-8"?>
<includes>
  
  
  <include name="View_57_BigPanel">
    <control type="group">
      <visible>Control.IsVisible(57)</visible>
      <include>animation_view_change</include>
	  <!-- Fanart Image Added to View-->
            <control type="multiimage">
                <include>FullscreenDimensions</include>
                <texture border="15">diffuse/bgpanel.png</texture>
			    <colordiffuse>31ffffff</colordiffuse>
				<imagepath background="true">$VAR[backgroundVar]</imagepath>
                <aspectratio>scale</aspectratio>
                <fadetime>350</fadetime>
                <include>fanartSpeed</include>
                <randomize>true</randomize>
                <loop>yes</loop>
                <!-- Background Animation -->
                <animation effect="zoom" start="110" end="130" center="auto" time="12000" tween="cubic" easing="inout" pulse="true" condition="Skin.HasSetting(BackgroundAnimation)">Conditional</animation>
                <animation effect="slide" start="-10,-10" end="10,10" time="8000" tween="cubic" easing="inout" pulse="true" condition="Skin.HasSetting(BackgroundAnimation)">Conditional</animation>
            </control>
	  
	  
	  <control type="panel" id="57">
        <viewtype label="31426">icons</viewtype>
          <include content="View_Forced">
              <param name="viewtype" value="$LOCALIZE[31426]" />
          </include>
        <posx>45</posx>
        <bottom>134</bottom>
        <height>760</height>
        <width>1834</width>
        <orientation>vertical</orientation>
        <onleft>9000</onleft>
        <onright condition="Skin.HasSetting(EnableQuickJump)">6000</onright>
        <onright condition="!Skin.HasSetting(EnableQuickJump)">60</onright>
        <onup>57</onup>
        <ondown>57</ondown>
        <preloaditems>4</preloaditems>
        <pagecontrol>60</pagecontrol>
        <itemlayout height="380" width="262">
          <control type="group">
            <width>259</width>
            <height>380</height>
            <include>PosterPanelLayout</include>
			<control type="group">
            <include condition="Skin.HasSetting(CaseOverlays)">PosterCaseOverlay57</include>
        </control>
        <control type="group">
            <!--Watched Overlay-->
            <right>8</right>
            <top>8</top>
            <include>WatchedIndicatorNormal</include>
            <animation type="Conditional" condition="Skin.HasTheme(classic)">
                <effect type="slide" end="3,-3" time="0"  />
            </animation>
        </control>
          </control>
        </itemlayout>
        <focusedlayout height="380" width="262">
          <control type="group">
            <width>259</width>
            <height>380</height>
            <include>PosterPanelLayoutFocus</include>
			<control type="group">
            <include condition="Skin.HasSetting(CaseOverlays)">PosterCaseOverlay57</include>
        </control>
        <control type="group">
            <!--Watched Overlay-->
            <right>8</right>
            <top>8</top>
            <include>WatchedIndicatorNormal</include>
            <animation type="Conditional" condition="Skin.HasTheme(classic)">
                <effect type="slide" end="3,-3" time="0"  />
            </animation>
        </control>
          </control>
        </focusedlayout>
        </control>
      
		<!--vertical Scollbar-->
		<control type="scrollbar" id="60">
			<visible>Control.IsVisible(57) + Integer.IsGreater(Container.NumItems,0)</visible>
			<right>10</right>
			<bottom>142</bottom>
			<height>744</height>
			<onup>60</onup>
			<ondown>6000</ondown>
			<onleft>57</onleft>
			<animation effect="fade" start="0" end="100" time="400" condition="[Control.HasFocus(60) | Skin.HasSetting(EnableTouchSupport) | Container.Scrolling | Skin.HasSetting(alwaysShowScrollbars)] + !Control.IsVisible(6002)">Conditional</animation>
			<animation effect="fade" start="100" end="0" time="400" condition="![Control.HasFocus(60) | Skin.HasSetting(EnableTouchSupport) | Container.Scrolling | Skin.HasSetting(alwaysShowScrollbars)] | Control.IsVisible(6002)">Conditional</animation>
		</control>
    </control>
  </include>
   <!-- CASE OVERLAYS -->
    <include name="PosterCaseOverlay57">
        <control type="group">
            <visible>
                !String.IsEqual(Skin.String(CaseOverlays.Fallback),None) | 
                String.Contains(ListItem.FileNameAndPath,.3d) |
                Integer.IsGreater(ListItem.VideoResolution,1080) | String.Contains(ListItem(0).FileNameAndPath,4k) |
                [String.Contains(ListItem.FilenameAndPath,bdmv) | String.Contains(ListItem.FilenameAndPath,blu-ray) | String.Contains(ListItem.FilenameAndPath,bluray) | String.Contains(ListItem.FilenameAndPath,bdrip) | String.Contains(ListItem.FilenameAndPath,bd25) | String.Contains(ListItem.FilenameAndPath,bd50)] | 
                String.EndsWith(ListItem.FileNameAndPath,dvd) | String.EndsWith(ListItem.FileNameAndPath,.ifo) | String.Contains(ListItem.FileNameAndPath,.iso) |
                String.IsEqual(ListItem.VideoResolution,480) | String.IsEqual(ListItem.VideoResolution,540) | String.IsEqual(ListItem.VideoResolution,576) | String.IsEqual(ListItem.VideoResolution,720) | String.IsEqual(ListItem.VideoResolution,1080) | String.StartsWith(ListItem.Path,videodb://movies/sets)
            </visible>
            <visible>!String.IsEmpty(ListItem.Art(poster)) | !String.IsEmpty(ListItem.Art(tvshow.poster))</visible>
                <control type="image">
                <texture border="14" diffuse="diffuse/poster.png">cases/default_top3.png</texture>
                <!-- border left,top,right,bottom  -->
                <bordersize>8</bordersize>
                <colordiffuse>$INFO[Skin.String(CaseOverlays.Color)]</colordiffuse>
            </control>
            <control type="image">
                <texture background="true">$VAR[PosterCaseOverlayVar]</texture>
                <top>12</top>
                <height>24</height>
                <aspectratio aligny="top" align="center">keep</aspectratio>
                <!-- border left,top,right,bottom  -->
                <bordersize>0</bordersize>
                <colordiffuse>$INFO[Skin.String(CaseOverlays.TextColor)]</colordiffuse>
            </control>
        </control>
    </include>

  </includes>
