<?xml version="1.0" encoding="utf-8"?>
<includes>
<!-- Poster Row Group Layout -->
	<include name="View52_layout">
            <posx>65</posx>
            <bottom>16%</bottom>
            <width>1806</width>
            <height>345</height>
            <onup>9000</onup>
            <ondown condition="Skin.HasSetting(EnableQuickJump)">7000</ondown>
                <ondown condition="!Skin.HasSetting(EnableQuickJump)">60</ondown>
            <onleft>52</onleft>
            <onright>52</onright>
            <pagecontrol>60</pagecontrol>
            <viewtype label="31445">bigwrap</viewtype>
        <include content="View_Forced">
            <param name="viewtype" value="$LOCALIZE[31445]" />
        </include>
            <scrolltime tween="quadratic">200</scrolltime>
            <focusposition>3</focusposition>
            <preloaditems>2</preloaditems>
            <orientation>horizontal</orientation>
            <preloaditems>2</preloaditems>
            <itemlayout height="345" width="258">
            <!-- Poster UnFocus Layout -->
			<control type="group">
                <width>233</width>
                <height>340</height>
                <include>PosterPanelLayout</include>
            </control>
        </itemlayout>
        <!-- Poster Focus Layout -->
		<focusedlayout height="345" width="258">
            <control type="group">
                <width>233</width>
                <height>340</height>
                <animation effect="zoom" center="auto" start="100" end="120" time="160" tween="quadratic">Focus</animation>
                <animation effect="zoom" center="auto" start="105" end="100" time="160" tween="quadratic">Unfocus</animation>
                <include>PosterPanelLayoutFocus</include>
          </control>
        </focusedlayout>
</include>

	<include name="View52_layout_fixed">
		<control type="wraplist" id="52">
			<include>View52_layout</include>
		</control>
	</include>
	
	<include name="View52_layout_normal">
		<control type="panel" id="52">
			<include>View52_layout</include>
		</control>
	</include>
	
	
	<!-- Panel No Info -->
    <include name="View_52_HorizontalPanel">
		<control type="group">
            <visible>Control.IsVisible(52)</visible>
            <include>animation_view_change</include>
			
			<!-- Fanart Image Added to View-->
            <control type="multiimage">
                <include>FullscreenDimensions</include>
                <texture border="15">diffuse/bgpanel.png</texture>
			    <colordiffuse>31ffffff</colordiffuse>
				<imagepath background="true">$VAR[backgroundVar]</imagepath>
                <aspectratio>scale</aspectratio>
                <fadetime>350</fadetime>
                <include>fanartSpeed</include>
                <randomize>true</randomize>
                <loop>yes</loop>
             <!-- Background Animation -->
                <animation effect="zoom" start="110" end="130" center="auto" time="12000" tween="cubic" easing="inout" pulse="true" condition="Skin.HasSetting(BackgroundAnimation)">Conditional</animation>
                <animation effect="slide" start="-10,-10" end="10,10" time="8000" tween="cubic" easing="inout" pulse="true" condition="Skin.HasSetting(BackgroundAnimation)">Conditional</animation>
			 </control>
			
			<!-- Movie Details -->
			<control type="group">
				<visible>Skin.HasSetting(PanelViewShowInfo)</visible>
				<!-- <top>-140</top> -->
				<!-- <width>1900</width> -->
                <!-- <height>1050</height> -->
				<include>MovieDetailsTop</include>
			</control>
					
			<!-- CDART IMAGE -->
            <control type="group">
                <width>235</width>
                <height>235</height>
                <bottom>23%</bottom>
                <posx>65</posx>
                <control type="image">
                    <texture background="true" diffuse="diffuse/cdmask_new.png" fallback="defaultcovers/cd_big.png">$VAR[DiscArtImage]</texture>
                    <aspectratio scalediffuse="false" align="center" aligny="center">scale</aspectratio>
                    <animation effect="slide" start="0" end="0,-175" tween="cubic" easing="inout" time="1200" delay="800">Visible</animation>
                    <animation effect="fade" start="0" end="100" delay="800" time="800" pulse="false">Visible</animation>
                    <animation effect="rotate" end="-360" center="auto" time="20000" loop="true" reversible="false" condition="Skin.HasSetting(AnimateDiscArt)">Conditional</animation>
                    <visible>Skin.HasSetting(View52_ShowCDart) + ![String.StartsWith(ListItem.Art(thumb),Default) | String.IsEmpty(ListItem.Art(thumb))] + !Container.IsScrolling + !Container.OnScrollNext + !Container.OnScrollPrevious</visible>
                </control>
                <animation effect="slide" end="258" time="0" delay="0" condition="!Skin.HasSetting(View52_UseFixedLayout) + Integer.IsGreater(Container.Position,0)">Conditional</animation>
                <animation effect="slide" end="258" time="0" delay="0" condition="!Skin.HasSetting(View52_UseFixedLayout) + Integer.IsGreater(Container.Position,1)">Conditional</animation>
                <animation effect="slide" end="258" time="0" delay="0" condition="!Skin.HasSetting(View52_UseFixedLayout) + Integer.IsGreater(Container.Position,2)">Conditional</animation>
                <animation effect="slide" end="258" time="0" delay="0" condition="!Skin.HasSetting(View52_UseFixedLayout) + Integer.IsGreater(Container.Position,3)">Conditional</animation>
                <animation effect="slide" end="258" time="0" delay="0" condition="!Skin.HasSetting(View52_UseFixedLayout) + Integer.IsGreater(Container.Position,4)">Conditional</animation>
                <animation effect="slide" end="258" time="0" delay="0" condition="!Skin.HasSetting(View52_UseFixedLayout) + Integer.IsGreater(Container.Position,5)">Conditional</animation>
                <animation effect="slide" end="774" time="0" delay="0" condition="Skin.HasSetting(View52_UseFixedLayout)">Conditional</animation>
            </control>
            
			<!-- View 52 -->
			<include condition="Skin.HasSetting(View52_UseFixedLayout)">View52_layout_fixed</include>
			<include condition="!Skin.HasSetting(View52_UseFixedLayout)">View52_layout_normal</include>
            
            <!--Horizontal Scrollbar-->
			<control type="group">
				<control type="scrollbar" id="60">
					<visible>Control.IsVisible(52) + Integer.IsGreater(Container.NumItems,0)</visible>
					<left>70</left>
					<bottom>14%</bottom>
					<width>1780</width>
					<height>15</height>
					<onup>52</onup>
					<onleft>60</onleft>
					<onright>60</onright>
					<orientation>horizontal</orientation>
					<animation effect="fade" start="0" end="100" time="400" condition="[Control.HasFocus(60) | Skin.HasSetting(EnableTouchSupport) | Container.Scrolling | Skin.HasSetting(alwaysShowScrollbars)] + !Control.IsVisible(6002)">Conditional</animation>
					<animation effect="fade" start="100" end="0" time="400" condition="![Control.HasFocus(60) | Skin.HasSetting(EnableTouchSupport) | Container.Scrolling | Skin.HasSetting(alwaysShowScrollbars)] | Control.IsVisible(6002)">Conditional</animation>
				</control>
			</control>
		</control>
	</include>
</includes>