<?xml version="1.0" encoding="utf-8"?>
<!-- BINGIE -->
<includes>

    <include name="View_58_LargePoster">
        <!--Panel Group-->
        <control type="group">
            <visible>Control.IsVisible(58)</visible>
            <include>animation_view_change</include>
			
			<!-- Fanart Image Added to View-->
            <control type="multiimage">
                <include>FullscreenDimensions</include>
                <texture border="15">diffuse/bgpanel.png</texture>
			    <colordiffuse>31ffffff</colordiffuse>
				<imagepath background="true">$VAR[backgroundVar]</imagepath>
                <aspectratio>scale</aspectratio>
                <fadetime>350</fadetime>
                <include>fanartSpeed</include>
                <randomize>true</randomize>
                <loop>yes</loop>
<!-- Background Animation -->
                <animation effect="zoom" start="110" end="130" center="auto" time="12000" tween="cubic" easing="inout" pulse="true" condition="Skin.HasSetting(BackgroundAnimation)">Conditional</animation>
                <animation effect="slide" start="-10,-10" end="10,10" time="8000" tween="cubic" easing="inout" pulse="true" condition="Skin.HasSetting(BackgroundAnimation)">Conditional</animation>
            </control>

					
			<!--Text Info-->
			<control type="grouplist">
			    <bottom>155</bottom>
			    <height>237</height>
				<itemgap>10</itemgap>
				<orientation>vertical</orientation>
                <visible>Integer.IsGreater(Container.NumItems,0)</visible>
				<posx>600</posx>
				<posy>10</posy>
				<control type="label">
					<height>33</height>
					<width>1100</width>
					<font>Bold30</font>
					<textcolor>$INFO[Skin.String(ViewDetailsHighlightTextColor)]</textcolor><shadowcolor>$INFO[Skin.String(ViewDetailsHighlightTextShadowColor)]</shadowcolor>
					
					<label>[UPPERCASE]$VAR[mediatitle][/UPPERCASE]</label>
				</control>
					<control type="label">
					  <height>40</height>
					  <width>1100</width>
					  <font>Reg31</font>
					  <textcolor>$INFO[Skin.String(ViewDetailsTextColor)]</textcolor>
					  <shadowcolor>$INFO[Skin.String(ViewDetailsTextShadowColor)]</shadowcolor>
					  <label>$VAR[Details]</label>
				</control>
			   
				<control type="textbox">
					<posx>0</posx>
					<posy>0</posy>
					<width>1270</width>
					<height>145</height>
					<label>$VAR[Plots]</label>
					<textcolor>$INFO[Skin.String(ViewDetailsTextColor)]</textcolor>
					<shadowcolor>$INFO[Skin.String(ViewDetailsTextShadowColor)]</shadowcolor>
					<align>justify</align>
					<font>Light28</font>
				</control>
			</control>
            
<!--CDART IMAGE-->
            <control type="image">
                <width>506</width>
                <height>506</height>
                <bordersize>20</bordersize>
                <bottom>390</bottom>
                <right>1366</right>
                <texture background="true" diffuse="diffuse/cdmask_new.png" fallback="defaultcovers/cd_big.png">$VAR[DiscArtImage]</texture>
                <aspectratio scalediffuse="false" align="center" aligny="center">scale</aspectratio>
                <animation effect="slide" start="0" end="210" tween="cubic" easing="inout" time="1200" delay="1800">Visible</animation>
                <animation effect="fade" start="0" end="100" delay="1200" time="800" pulse="false">Visible</animation>
                <animation effect="rotate" end="-360" center="auto" time="20000" loop="true" reversible="false" condition="Skin.HasSetting(AnimateDiscArt)">Conditional</animation>
                <visible>Skin.HasSetting(View58_ShowCDart) + ![String.StartsWith(ListItem.Art(thumb),Default) | String.IsEmpty(ListItem.Art(thumb))] + !Container.IsScrolling + !Container.OnScrollNext + !Container.OnScrollPrevious</visible>
                <visible>Integer.IsGreater(Container.NumItems,0)</visible>
            </control>
			
			<!-- POSTER -->
			<control type="panel" id="58">
			    <bottom>9%</bottom>
				<right>1368</right>
				<width>552</width>
				<height>1078</height>
				<onup>9000</onup>
				<ondown condition="Skin.HasSetting(EnableQuickJump)">7000</ondown>
                <ondown condition="!Skin.HasSetting(EnableQuickJump)">60</ondown>
				<onleft>58</onleft>
				<onright>58</onright>
				<viewtype label="31427">mediainfo</viewtype>
				<include content="View_Forced">
					<param name="viewtype" value="$LOCALIZE[31427]" />
				</include>
				<scrolltime tween="Cubic" easing="inout">500</scrolltime>
				<focusposition>0</focusposition>
				<orientation>horizontal</orientation>
				<preloaditems>2</preloaditems>
				<itemlayout height="870" width="602">
					<control type="group">
						<posy>200</posy>
						<control type="image">
							<!--Poster-->
							<width>602</width>
							<height>870</height>
							<bordersize>50</bordersize>
							<texture background="true" diffuse="diffuse/poster.png" fallback="colors/color_keyboard.png">$VAR[PosterThumbList]</texture>
							<aspectratio align="right" aligny="center">stretch</aspectratio>
						</control>
						<control type="group">
							<left>42</left>
							<top>-42</top>
							<width>518</width>
							<height>870</height>
                            <include condition="!Window.IsActive(Home)">PosterTagOverlay</include>
					    </control>
						<control type="group">
						<right>50</right>
						<top>50</top>
						<include>WatchedIndicatorLarge</include>
                        <visible>![ListItem.IsCollection + Skin.HasSetting(EmbyCovertArtEnabled)]</visible>
						</control>
					</control>
				</itemlayout>
				<focusedlayout height="870" width="602">
					<control type="group">
						<posy>200</posy>
						<control type="image">
							<!--Poster-->
							<width>602</width>
							<height>870</height>
							<bordersize>50</bordersize>
							<texture background="true" diffuse="diffuse/poster.png" fallback="colors/color_keyboard.png">$VAR[PosterThumbList]</texture>
							<aspectratio align="right" aligny="center">stretch</aspectratio>
						</control>
						<control type="group">
							<left>42</left>
							<top>-42</top>
							<width>518</width>
							<height>870</height>
                            <include condition="!Window.IsActive(Home)">PosterTagOverlay</include>
					    </control>
						<control type="group">
						<right>50</right>
						<top>50</top>
						<include>WatchedIndicatorLarge</include>
						</control>
					</control>
					
				</focusedlayout>
			</control>

			
			
        </control>

	</include>
</includes>