<?xml version="1.0" encoding="UTF-8"?>
<includes>
  
  <include name="View_53_PanelDetails">
	
    <control type="group">
      <visible>Control.IsVisible(53)</visible>
      <include>animation_view_change</include>
	  
	  	<!-- Fanart Image Added to View-->
            <control type="multiimage">
                <include>FullscreenDimensions</include>
                <texture border="15">diffuse/bgpanel.png</texture>
			    <colordiffuse>31ffffff</colordiffuse>
				<imagepath background="true">$VAR[backgroundVar]</imagepath>
                <aspectratio>scale</aspectratio>
                <fadetime>350</fadetime>
                <include>fanartSpeed</include>
                <randomize>true</randomize>
                <loop>yes</loop>
<!-- Background Animation -->
                <animation effect="zoom" start="110" end="130" center="auto" time="12000" tween="cubic" easing="inout" pulse="true" condition="Skin.HasSetting(BackgroundAnimation)">Conditional</animation>
                <animation effect="slide" start="-10,-10" end="10,10" time="8000" tween="cubic" easing="inout" pulse="true" condition="Skin.HasSetting(BackgroundAnimation)">Conditional</animation>
            </control>
      
    <include>MovieDetailsLeft</include>
	  
	  <control type="panel" id="53">
                <animation effect="slide" end="-625" time="250" condition="Skin.HasSetting(View53_ShowInfoRight)">Conditional</animation>
                <right>50</right>
				<bottom>132</bottom>
                <height>744</height>
				<width>1190</width>
				<orientation>vertical</orientation>
                <onup>53</onup>
                <ondown>53</ondown>
                <onleft>9000</onleft>
                <onright condition="Skin.HasSetting(EnableQuickJump)">6000</onright>
                <onright condition="!Skin.HasSetting(EnableQuickJump)">60</onright>
                <pagecontrol>60</pagecontrol>
                <viewtype label="31422">bigwrap</viewtype>
          <include content="View_Forced">
              <param name="viewtype" value="$LOCALIZE[31422]" />
          </include>
                <scrolltime tween="Cubic" easing="inout">500</scrolltime>
                <focusposition>6</focusposition>
                <preloaditems>2</preloaditems>
          <!-- itemlayout movies -->
                <itemlayout height="248" width="170" condition="Container.Content(MusicVideos) | Container.Content(tvshows) | Container.Content(Movies) | Container.Content(seasons)">
                    <control type="group">
                        <width>162</width>
                        <height>240</height>
                        <include>SmallPosterPanelLayout</include>
                      </control>
                </itemlayout>
                <!-- focussed layout movies -->
                <focusedlayout height="248" width="170" condition="Container.Content(MusicVideos) | Container.Content(tvshows) | Container.Content(Movies) | Container.Content(seasons)">
                    <control type="group">
                        <width>162</width>
                        <height>240</height>
                        <include>SmallPosterPanelLayoutFocus</include>
                        <include content="LibraryAutoTrailerButton" condition="Skin.HasSetting(DetailsAutoTrailer)">
                            <param name="interval" value="$INFO[Skin.String(details_auto_trailer_interval)]" />
                        </include>
                      </control>			  
                </focusedlayout>
            </control>
      
		<!--vertical Scollbar-->
		<control type="scrollbar" id="60">
			<visible>Control.IsVisible(53) + Integer.IsGreater(Container.NumItems,0)</visible>
			<right>10</right>
			<bottom>148</bottom>
			<height>720</height>
			<onup>60</onup>
			<ondown>6000</ondown>
			<onleft>53</onleft>
			<animation effect="fade" start="0" end="100" time="400" condition="[Control.HasFocus(60) | Skin.HasSetting(EnableTouchSupport) | Container.Scrolling | Skin.HasSetting(alwaysShowScrollbars)] + !Control.IsVisible(6002)">Conditional</animation>
			<animation effect="fade" start="100" end="0" time="400" condition="![Control.HasFocus(60) | Skin.HasSetting(EnableTouchSupport) | Container.Scrolling | Skin.HasSetting(alwaysShowScrollbars)] | Control.IsVisible(6002)">Conditional</animation>
		</control>
		
	  
    </control>
	
  </include>
</includes>
