<?xml version="1.0" encoding="utf-8"?>
<!-- BINGIE -->
<window>
    <defaultcontrol always="true">52</defaultcontrol>
	
    <controls>
        <control type="group">
            <!--Global Background-->
            <include>GlobalBackground</include>
            <include>Header</include>

            <!-- window title -->
            <control type="label" id="2">
                <visible>false</visible>
            </control>

            <!-- Who's watching -->
            <control type="label">
                <posy>208</posy>
                <align>center</align>
                <font>Reg56</font>
                <textcolor>$INFO[Skin.String(GeneralTextColor)]</textcolor>
                <label>31856</label>
            </control>
            
            <!--Login Screen-->
            <control type="group">
                <control type="fixedlist" id="52">
                    <orientation>horizontal</orientation>
                    <posx>-69</posx>
                    <posy>372</posy>
                    <width>1800</width>
                    <height>500</height>
                    <onleft>52</onleft>
                    <onright>52</onright>
                    <ondown>10034</ondown>
					<onback>ActivateWindow(Home)</onback>
                    <pagecontrol/>
                    <scrolltime tween="cubic" easing="out">500</scrolltime>
					<focusposition>3</focusposition>
                    <movement>3</movement>
                    <itemlayout height="320" width="300">
						<control type="image">
                            <posx>4</posx>
                            <posy>4</posy>
                            <width>250</width>
                            <height>250</height>
                            <texture background="true" fallback="defaultactor.png">$INFO[Listitem.Icon]</texture>
                            <aspectratio>keep</aspectratio>
                        </control>
                        <control type="label">
                            <align>center</align>
							<posx>3</posx>
                            <posy>273</posy>
                            <width>250</width>
                            <height>50</height>
                            <textcolor fallback="white">$INFO[Skin.String(GeneralTextColor)]</textcolor>
                            <label>$INFO[ListItem.Label]</label>
                            <font>Reg32</font>
                            <aligny>center</aligny>
                        </control>
					</itemlayout>
                    <focusedlayout height="320" width="300">
                        <control type="group">
                            <animation effect="fade" start="100" end="50" time="300" tween="sine" easing="inout" condition="!Control.HasFocus(52)">Conditional</animation> 
							 <control type="image">
                                <align>left</align>
                                <aligny>top</aligny>
                                <width>258</width>
                                <height>258</height>
                                <aspectratio>keep</aspectratio>
                                <bordertexture colordiffuse="ffffffff">diffuse/panel2.png</bordertexture>
                                <bordersize>4</bordersize>
                                <texture background="true" fallback="defaultactor.png">$INFO[Listitem.Icon]</texture>
                            </control>
                            <control type="label">
                                <align>center</align>
								<posx>3</posx>
                                <posy>273</posy>
                                <width>250</width>
                                <height>50</height>
                                <textcolor fallback="white">$INFO[Skin.String(GeneralTextColor)]</textcolor>
                                <label>$INFO[ListItem.Label]</label>
                                <font>Reg32</font>
                                <aligny>center</aligny>
                            </control>
                        </control>
                    </focusedlayout>
                </control>
            </control>
			
			<!-- Manage Profiles -->
			<control type="button" id="10034">
                <posx>770</posx>
                <bottom>210</bottom>
                <width>auto</width>
                <height>60</height>
                <onup>52</onup>
				<onback>ActivateWindow(Home)</onback>
				<align>center</align>
				<aligny>top</aligny>
				<textwidth>400</textwidth>
				<label>320033</label>
				<font>Reg32</font>
				<textoffsetx>43</textoffsetx>
				<textoffsety>8</textoffsety>
				<textcolor>FF7F7F7F</textcolor>
				<focusedcolor>FFFFFFFF</focusedcolor>
                <texturefocus border="5" colordiffuse="$INFO[Skin.String(ViewDetailsBorderFocusColor)]">bingie/border/slimframefo.png</texturefocus>
                <texturenofocus border="5" colordiffuse="FF7F7F7F">bingie/border/slimframefo.png</texturenofocus>
                <onclick>ActivateWindow(profiles)</onclick>
            </control>
        
            <!-- Power button 
            <control type="button" id="53">
                <description>powerbutton</description>
                <posx>930</posx>
                <bottom>20</bottom>
                <width>60</width>
                <height>60</height>
                <onup>10034</onup>
                <ondown>52</ondown>
                <texturefocus colordiffuse="$INFO[Skin.String(MainMenuFocusTextColor)]">common/shutdown2.png</texturefocus>
                <texturenofocus colordiffuse="$INFO[Skin.String(MainMenuTextColor)]">common/shutdown2.png</texturenofocus>
                <onclick condition="System.CanPowerDown">ActivateWindow(shutdownmenu)</onclick>
                <onclick condition="!System.CanPowerDown">Quit()</onclick>
                <visible>System.ShowExitButton</visible>
            </control> -->
        </control>
    </controls>
</window>