<?xml version="1.0" encoding="utf-8"?>
<!-- BINGIE -->
<includes>
    <include name="View_522_RightList">
        <!--Panel-->
		
        <control type="group">
            <visible>Control.IsVisible(522)</visible>
            <visible>!Window.IsActive(DialogVideoInfo.xml)</visible>
            <include>animation_view_change</include>
			
			 <!-- Fanart Image Added to View-->
            <control type="multiimage">
				<visible>!Skin.HasSetting(View522_DisableFanArt)</visible>
                <include>FullscreenDimensions</include>
                <texture border="15">diffuse/bgpanel.png</texture>
			    <colordiffuse>33ffffff</colordiffuse>
				<imagepath background="true">$VAR[backgroundVar]</imagepath>
                <aspectratio>scale</aspectratio>
                <fadetime>350</fadetime>
                <include>fanartSpeed</include>
                <randomize>true</randomize>
                <loop>yes</loop>
<!-- Background Animation -->
                <animation effect="zoom" start="110" end="130" center="auto" time="12000" tween="cubic" easing="inout" pulse="true" condition="Skin.HasSetting(BackgroundAnimation)">Conditional</animation>
                <animation effect="slide" start="-10,-10" end="10,10" time="8000" tween="cubic" easing="inout" pulse="true" condition="Skin.HasSetting(BackgroundAnimation)">Conditional</animation>
            </control>

            <include>MovieDetailsLeft_Small</include>

            <!-- ID="522" -->
            <control type="list" id="522">
                <bottom>148</bottom>
                <height>720</height>
                <right>65</right>
                <width>800</width>
                <onleft>9000</onleft>
                <onright condition="Skin.HasSetting(EnableQuickJump)">6000</onright>
                <onright condition="!Skin.HasSetting(EnableQuickJump)">60</onright>
                <onup>522</onup>
                <ondown>522</ondown>
                <pagecontrol>60</pagecontrol>
                <viewtype label="31722">list</viewtype>
                <include content="View_Forced">
                    <param name="viewtype" value="$LOCALIZE[31722]" />
                </include>
                <scrolltime>300</scrolltime>
                <itemlayout width="800" height="62">
                    <control type="label">
                        <!--Label 1-->
                        <align>right</align>
                        <right>10</right>
                        <width>98%</width>
                        <font>Reg28</font>
                        <textcolor>$INFO[Skin.String(ViewDetailsListItemTextColor)]</textcolor>
                        <label>$VAR[ListTitle]</label>
                    </control>
                    <control type="image">
                        <!--Separator-->
                        <right>0</right>
                        <posy>62</posy>
                        <width>797</width>
                        <height>20</height>
                        <fadetime>400</fadetime>
                        <colordiffuse>list_separator</colordiffuse>
                        <texture>common/separator.png</texture>
                    </control>
                </itemlayout>
                <focusedlayout width="800" height="90">
                    <control type="image">
						<right>0</right>
						<posy>0</posy>
						<height>86</height>
						<width>100%</width>
						<texture border="5">diffuse/panel.png</texture>
						<colordiffuse>$INFO[Skin.String(ViewDetailsFocusColor)]</colordiffuse>
					</control>
                    <control type="label">
                        <!--Label 1-->
                        <align>right</align>
						<posy>-2</posy>
                        <right>10</right>
                        <width>98%</width>
                        <height>54</height>
                        <font>Reg36</font>
						<scroll>true</scroll>
                        <textcolor>$INFO[Skin.String(ViewDetailsListItemTextFocusColor)]</textcolor>
                        <label>$VAR[ListTitle]</label>
                    </control>
                    <control type="label">
                        <!--Label 2-->
                        <align>right</align>
						<posy>49</posy>
                        <right>10</right>
                        <width>98%</width>
                        <posy>50</posy>
                        <height>30</height>
                        <font>Light28</font>
						<scroll>true</scroll>
                        <textcolor>$INFO[Skin.String(ViewDetailsListItemTextFocusColor)]</textcolor>
                        <label>$VAR[ListDetails]</label>
                        <visible>!String.IsEqual(ListItem.Label,..)</visible>
                    </control>
                    <control type="image">
                        <!--Separator-->
                        <right>0</right>
                        <posy>86</posy>
                        <width>797</width>
                        <height>20</height>
                        <fadetime>400</fadetime>
                        <colordiffuse>list_separator</colordiffuse>
                        <texture>common/separator.png</texture>
                    </control>
					
                </focusedlayout>
            </control>
            <!--Poster with discart-->
            <control type="group">
                <right>870</right>
                <width>500</width>
                <bottom>13%</bottom>
                <height>736</height>
                <visible>Integer.IsGreater(Container.NumItems,0)</visible>
                <control type="image">
					<aspectratio align="center" aligny="center" scalediffuse="true">stretch</aspectratio>
					<texture background="true" diffuse="diffuse/poster_big.png" fallback="DefaultVideo.png">$VAR[PosterThumb]</texture>
					<bordersize>8</bordersize>
                    <visible>[!String.IsEmpty(ListItem.Art(poster)) | !String.IsEmpty(ListItem.Art(tvshow.poster))]</visible>
                    <visible>![ListItem.IsCollection + Skin.HasSetting(EmbyCovertArtEnabled)]</visible>
				</control>
                <control type="image">
					<aspectratio align="left" aligny="center" scalediffuse="true">keep</aspectratio>
					<texture background="true" diffuse="diffuse/poster_big.png" fallback="DefaultVideo.png">$VAR[PosterThumb]</texture>
					<bordersize>8</bordersize>
                    <visible>[ListItem.IsCollection + Skin.HasSetting(EmbyCovertArtEnabled)]</visible>
				</control>
                <control type="image">
					<aspectratio align="center" aligny="top" scalediffuse="true">keep</aspectratio>
					<texture background="true" diffuse="diffuse/panel2.png" fallback="DefaultVideo.png">$VAR[PosterThumb]</texture>
					<bordersize>8</bordersize>
                    <visible>![ListItem.IsCollection + Skin.HasSetting(EmbyCovertArtEnabled)]</visible>
                    <visible>String.IsEmpty(ListItem.Art(poster)) + String.IsEmpty(ListItem.Art(tvshow.poster))</visible>
				</control>
                <control type="group">
                    <right>8</right>
                    <posy>8</posy>
                    <include>WatchedIndicatorLarge</include>
                    <visible>![ListItem.IsCollection + Skin.HasSetting(EmbyCovertArtEnabled)]</visible>
                </control>
            </control>
        

            <!--vertical Scollbar-->
            <control type="scrollbar" id="60">
                <visible>Control.IsVisible(522) + Integer.IsGreater(Container.NumItems,0)</visible>
                <right>10</right>
                <bottom>148</bottom>
                <height>720</height>
                <onup>60</onup>
                <ondown>6000</ondown>
                <onleft>522</onleft>
                <animation effect="fade" start="0" end="100" time="400" condition="[Control.HasFocus(60) | Skin.HasSetting(EnableTouchSupport) | Container.Scrolling | Skin.HasSetting(alwaysShowScrollbars)] + !Control.IsVisible(6002)">Conditional</animation>
                <animation effect="fade" start="100" end="0" time="400" condition="![Control.HasFocus(60) | Skin.HasSetting(EnableTouchSupport) | Container.Scrolling | Skin.HasSetting(alwaysShowScrollbars)] | Control.IsVisible(6002)">Conditional</animation>
            </control>
        </control>
 	</include>
</includes>