<?xml version="1.0" encoding="utf-8"?>
<!-- BINGIE -->
<includes>
    <!--Default-->
    <include name="View_524_Showcase">

        <control type="group">
            <!-- Warplist ID="500"-->
            <visible>Control.IsVisible(524)</visible>
			<!-- Fanart Image Added to View-->
            <control type="multiimage">
				<visible>!Skin.HasSetting(View524_DisableFanArt)</visible>
                <include>FullscreenDimensions</include>
                <texture border="15">diffuse/bgpanel.png</texture>
			    <colordiffuse>33ffffff</colordiffuse>
				<imagepath background="true">$VAR[backgroundVar]</imagepath>
                <aspectratio>scale</aspectratio>
                <fadetime>350</fadetime>
                <include>fanartSpeed</include>
                <randomize>true</randomize>
                <loop>yes</loop>
<!-- Background Animation -->
                <animation effect="zoom" start="110" end="130" center="auto" time="12000" tween="cubic" easing="inout" pulse="true" condition="Skin.HasSetting(BackgroundAnimation)">Conditional</animation>
                <animation effect="slide" start="-10,-10" end="10,10" time="8000" tween="cubic" easing="inout" pulse="true" condition="Skin.HasSetting(BackgroundAnimation)">Conditional</animation>
            </control>
     			<!-- movie details -->
			<control type="group">
			<height>351</height>
			<bottom>120</bottom>
				<visible>Skin.HasSetting(ShowCaseViewShowInfo) + $EXP[IsMovieDBType] | Skin.HasSetting(ShowCaseViewShowInfo) + !$EXP[IsMovieDBType]</visible>
				<include>MovieDetailsTop</include>
                <visible>Control.IsVisible(524) + Integer.IsGreater(Container.NumItems,0)</visible>
			</control>
			
			<!--Showcase-->
            <control type="wraplist" id="524">
                <!--Wraplist ID 500-->
                <viewtype label="31429">posterwrap</viewtype>
                <include content="View_Forced">
                    <param name="viewtype" value="$LOCALIZE[31429]" />
                </include>
                <posx>-52</posx>
                <width>1960</width>
                <height>800</height>
                <onleft>524</onleft>
                <onright>524</onright>
                <onup>9000</onup>
                <ondown condition="Skin.HasSetting(EnableQuickJump)">7000</ondown>
                <ondown condition="!Skin.HasSetting(EnableQuickJump)">60</ondown>
                <pagecontrol>60</pagecontrol>
                <orientation>horizontal</orientation>
                <scrolltime tween="cubic" easing="inout">450</scrolltime>
                <focusposition>3</focusposition>
                <itemlayout width="270" height="800">
                </itemlayout>
                <focusedlayout width="270" height="800">
                </focusedlayout>
            </control>
            <control type="group">
				<animation effect="slide" start="0" end="0,-30" condition="!Skin.HasSetting(ShowCaseViewShowInfo)">Conditional</animation>
                <posy>-26</posy>
                <animation type="Conditional" condition="String.IsEqual(Skin.AspectRatio,16:10)">
					<effect type="slide" start="0,0" end="0,110" time="0" />
				</animation>
                <include>ShowcaseMovies</include>
                <visible>Control.IsVisible(524) + Integer.IsGreater(Container.NumItems,0)</visible>
            </control>
            <!--horizontal Scrollbar-->
			<control type="group">
				<control type="scrollbar" id="60">
					<visible>Control.IsVisible(524) + Integer.IsGreater(Container.NumItems,0)</visible>
					<left>60</left>
                    <bottom>4</bottom>
					<width>1800</width>
					<height>15</height>
					<onup>524</onup>
					<onleft>60</onleft>
					<onright>60</onright>
					<orientation>horizontal</orientation>
					<animation effect="fade" start="0" end="100" time="400" condition="[Control.HasFocus(60) | Skin.HasSetting(EnableTouchSupport) | Container.Scrolling | Skin.HasSetting(alwaysShowScrollbars)] + !Control.IsVisible(6002)">Conditional</animation>
					<animation effect="fade" start="100" end="0" time="400" condition="![Control.HasFocus(60) | Skin.HasSetting(EnableTouchSupport) | Container.Scrolling | Skin.HasSetting(alwaysShowScrollbars)] | Control.IsVisible(6002)">Conditional</animation>
				</control>
			</control>
        </control>
	</include>

	<!-- Movie Showcase Variables: Main thumbs -->
    <include name="MovieShowcaseThumb">
        <posx>41</posx>
        <posy>-50</posy>
        <width>300</width>
        <height>441</height>
        <align>center</align>
        <aspectratio scalediffuse="false">scale</aspectratio>
		<include condition="!Skin.HasSetting(EmbyCovertArtEnabled)">poster_shadow</include>
		<bordersize>20</bordersize>
    </include>
    <include name="MovieShowcaseWatchedPos">
        <posx>296</posx>
        <posy>-19</posy>
        <width>60</width>
        <height>60</height>
		<animation type="Conditional" condition="Skin.HasTheme(classic)">
            <effect type="slide" end="4,-3" time="0"  />
		</animation>
    </include>
	<include name="MovieShowcaseWatchedPos1">
		<posx>261</posx>
		<posy>-30</posy>
		<width>60</width>
		<height>60</height>
		<animation type="Conditional" condition="Skin.HasTheme(classic)">
		<effect type="slide" end="4,-3" time="0"  />
		</animation>
	</include>
    <include name="MovieShowcaseThumbMain">
         <posx>27</posx>
        <posy>-40</posy>
        <width>350</width>
        <height>500</height>
        <align>center</align>
        <aspectratio scalediffuse="false">scale</aspectratio>
		<include condition="!Skin.HasSetting(EmbyCovertArtEnabled)">poster_shadow</include>
		<bordersize>20</bordersize>
    </include>
    <include name="MovieShowcaseThumbReflectionMain">
        <posx>47</posx>
        <posy>440</posy>
        <width>310</width>
        <height>580</height>
        <colordiffuse>FFFFFFFF</colordiffuse>
        <aspectratio scalediffuse="false">stretch</aspectratio>
    </include>
    <include name="MovieShowcaseThumbReflection">
        <posx>61</posx>
        <posy>370</posy>
        <width>260</width>
        <height>1000</height>
        <colordiffuse>80FFFFFF</colordiffuse>
        <aspectratio scalediffuse="false">stretch</aspectratio>
    </include>
    <!--ShowcaseMovies-->
    <include name="ShowcaseMovies">
        <!-- On Next -->
        <control type="group" id="56001">
            <posy>550</posy>
            <camera x="960" y="750" />
            <visible>Control.IsVisible(524) + Container.OnNext + !Skin.HasSetting(flattenshowcase)</visible>
            <animation effect="slide" end="-135,0" time="250" reversible="false">Hidden</animation>
            <control type="group">
                <!-- -7 Fade Out-->
                <posx>15</posx>
                <visible>Container.OnNext</visible>
                <animation effect="fade" start="100" end="0" time="250" tween="cubic" easing="out" reversible="false">Hidden</animation>
                <animation effect="rotatey" center="-135" start="-55" end="-55" time="0" condition="true">Conditional</animation>
                <control type="group">
                    <control type="image">
                        <include>MovieShowcaseThumb</include>
                        <texture background="true" diffuse="diffuse/poster.png" fallback="colors/color_keyboard.png">$VAR[ShowcaseItem-7Var]</texture>
                        <visible>Control.IsVisible(524)</visible>
                    </control>
                    <control type="image">
                        <include>MovieShowcaseThumbReflection</include>
                        <texture background="true" flipy="true" diffuse="diffuse/poster_reflect.png">$VAR[ShowcaseItem-7Var]</texture>
                        <visible>Control.IsVisible(524)</visible>
                    </control>
                    <control type="group">
						<include>MovieShowcaseWatchedPos1</include>
                        <include>WatchedIndicatorNormal-7</include>
                    </control>
                </control>
            </control>
            <control type="group">
                <posx>150</posx>
                <animation effect="rotatey" center="0" start="-55" end="-55" time="0" condition="true">Conditional</animation>
                <control type="group">
                    <control type="image">
                        <include>MovieShowcaseThumb</include>
                        <texture background="true" diffuse="diffuse/poster.png" fallback="colors/color_keyboard.png">$VAR[ShowcaseItem-6Var]</texture>
                        <visible>Control.IsVisible(524)</visible>
                    </control>
                    <control type="image">
                        <include>MovieShowcaseThumbReflection</include>
                        <texture background="true" flipy="true" diffuse="diffuse/poster_reflect.png">$VAR[ShowcaseItem-6Var]</texture>
                        <visible>Control.IsVisible(524)</visible>
                    </control>
                    <control type="group">
						<include>MovieShowcaseWatchedPos1</include>
                        <include>WatchedIndicatorNormal-6</include>
                    </control>
                </control>
            </control>
            <control type="group">
                <posx>285</posx>
                <animation effect="rotatey" center="135" start="-55" end="-55" time="0" condition="true">Conditional</animation>
                <control type="group">
                    <control type="image">
                        <include>MovieShowcaseThumb</include>
                        <texture background="true" diffuse="diffuse/poster.png" fallback="colors/color_keyboard.png">$VAR[ShowcaseItem-5Var]</texture>
                        <visible>Control.IsVisible(524)</visible>
                    </control>
                    <control type="image">
                        <include>MovieShowcaseThumbReflection</include>
                        <texture background="true" flipy="true" diffuse="diffuse/poster_reflect.png">$VAR[ShowcaseItem-5Var]</texture>
                        <visible>Control.IsVisible(524)</visible>
                    </control>
                    <control type="group">
						<include>MovieShowcaseWatchedPos1</include>
                        <include>WatchedIndicatorNormal-5</include>
                    </control>
                </control>
            </control>
            <control type="group">
                <posx>420</posx>
                <animation effect="rotatey" center="270" start="-55" end="-55" time="0" condition="true">Conditional</animation>
                <control type="group">
                    <control type="image">
                        <include>MovieShowcaseThumb</include>
                        <texture background="true" diffuse="diffuse/poster.png" fallback="colors/color_keyboard.png">$VAR[ShowcaseItem-4Var]</texture>
                        <visible>Control.IsVisible(524)</visible>
                    </control>
                    <control type="image">
                        <include>MovieShowcaseThumbReflection</include>
                        <texture background="true" flipy="true" diffuse="diffuse/poster_reflect.png">$VAR[ShowcaseItem-4Var]</texture>
                        <visible>Control.IsVisible(524)</visible>
                    </control>
                    <control type="group">
						<include>MovieShowcaseWatchedPos1</include>
                        <include>WatchedIndicatorNormal-4</include>
                    </control>
                </control>
            </control>
            <control type="group">
                <posx>555</posx>
                <animation effect="rotatey" center="405" start="-55" end="-55" time="0" condition="true">Conditional</animation>
                <control type="group">
                    <control type="image">
                        <include>MovieShowcaseThumb</include>
                        <texture background="true" diffuse="diffuse/poster.png" fallback="colors/color_keyboard.png">$VAR[ShowcaseItem-3Var]</texture>
                        <visible>Control.IsVisible(524)</visible>
                    </control>
                    <control type="image">
                        <include>MovieShowcaseThumbReflection</include>
                        <texture background="true" flipy="true" diffuse="diffuse/poster_reflect.png">$VAR[ShowcaseItem-3Var]</texture>
                        <visible>Control.IsVisible(524)</visible>
                    </control>
                    <control type="group">
						<include>MovieShowcaseWatchedPos1</include>
                        <include>WatchedIndicatorNormal-3</include>
                    </control>
                </control>
            </control>
            <control type="group">
                <posx>690</posx>
                <animation effect="rotatey" center="540" start="-55" end="-55" time="0" condition="true">Conditional</animation>
                <control type="group">
                    <control type="image">
                        <include>MovieShowcaseThumb</include>
                        <texture background="true" diffuse="diffuse/poster.png" fallback="colors/color_keyboard.png">$VAR[ShowcaseItem-2Var]</texture>
                    </control>
                    <control type="image">
                        <include>MovieShowcaseThumbReflection</include>
                        <texture background="true" flipy="true" diffuse="diffuse/poster_reflect.png">$VAR[ShowcaseItem-2Var]</texture>
                    </control>
                    <control type="group">
						<include>MovieShowcaseWatchedPos1</include>
                        <include>WatchedIndicatorNormal-2</include>
                    </control>
                </control>
            </control>
            <control type="group">
                <!-- +6 Fade In-->
                <posx>1660</posx>
                <visible>!Container.OnNext</visible>
                <animation effect="fade" start="0" end="100" delay="0" time="250" tween="cubic" easing="in" reversible="false">Visible</animation>
                <animation effect="rotatey" center="2205" start="55" end="55" time="0" condition="true">Conditional</animation>
                <control type="group">
                    <control type="image">
                        <include>MovieShowcaseThumb</include>
                        <texture background="true" diffuse="diffuse/poster.png" fallback="colors/color_keyboard.png">$VAR[ShowcaseItem6Var]</texture>
                    </control>
                    <control type="image">
                        <include>MovieShowcaseThumbReflection</include>
                        <texture background="true" flipy="true" diffuse="diffuse/poster_reflect.png">$VAR[ShowcaseItem6Var]</texture>
                    </control>
                    <control type="group">
						<include>MovieShowcaseWatchedPos1</include>
                        <include>WatchedIndicatorNormal6</include>
                    </control>
                </control>
            </control>
            <control type="group">
                <posx>1524</posx>
                <animation effect="rotatey" center="2070" start="55" end="55" time="0" condition="true">Conditional</animation>
                <control type="group">
                    <control type="image">
                        <include>MovieShowcaseThumb</include>
                        <texture background="true" diffuse="diffuse/poster.png" fallback="colors/color_keyboard.png">$VAR[ShowcaseItem5Var]</texture>
                    </control>
                    <control type="image">
                        <include>MovieShowcaseThumbReflection</include>
                        <texture background="true" flipy="true" diffuse="diffuse/poster_reflect.png">$VAR[ShowcaseItem5Var]</texture>
                    </control>
                    <control type="group">
						<include>MovieShowcaseWatchedPos1</include>
                        <include>WatchedIndicatorNormal5</include>
                    </control>
                </control>
            </control>
            <control type="group">
                <posx>1389</posx>
                <animation effect="rotatey" center="1935" start="55" end="55" time="0" condition="true">Conditional</animation>
                <control type="group">
                    <control type="image">
                        <include>MovieShowcaseThumb</include>
                        <texture background="true" diffuse="diffuse/poster.png" fallback="colors/color_keyboard.png">$VAR[ShowcaseItem4Var]</texture>
                    </control>
                    <control type="image">
                        <include>MovieShowcaseThumbReflection</include>
                        <texture background="true" flipy="true" diffuse="diffuse/poster_reflect.png">$VAR[ShowcaseItem4Var]</texture>
                    </control>
                    <control type="group">
						<include>MovieShowcaseWatchedPos1</include>
                        <include>WatchedIndicatorNormal4</include>
                    </control>
                </control>
            </control>
            <control type="group">
                <posx>1252</posx>
                <animation effect="rotatey" center="1800" start="55" end="55" time="0" condition="true">Conditional</animation>
                <control type="group">
                    <control type="image">
                        <include>MovieShowcaseThumb</include>
                        <texture background="true" diffuse="diffuse/poster.png" fallback="colors/color_keyboard.png">$VAR[ShowcaseItem3Var]</texture>
                    </control>
                    <control type="image">
                        <include>MovieShowcaseThumbReflection</include>
                        <texture background="true" flipy="true" diffuse="diffuse/poster_reflect.png">$VAR[ShowcaseItem3Var]</texture>
                    </control>
                    <control type="group">
						<include>MovieShowcaseWatchedPos1</include>
                        <include>WatchedIndicatorNormal3</include>
                    </control>
                </control>
            </control>
            <control type="group">
                <posx>1115</posx>
                <animation effect="rotatey" center="1665" start="55" end="55" time="0" condition="true">Conditional</animation>
                <control type="group">
                    <control type="image">
                        <include>MovieShowcaseThumb</include>
                        <texture background="true" diffuse="diffuse/poster.png" fallback="colors/color_keyboard.png">$VAR[ShowcaseItem2Var]</texture>
                    </control>
                    <control type="image">
                        <include>MovieShowcaseThumbReflection</include>
                        <texture background="true" flipy="true" diffuse="diffuse/poster_reflect.png">$VAR[ShowcaseItem2Var]</texture>
                    </control>
                    <control type="group">
						<include>MovieShowcaseWatchedPos1</include>
                        <include>WatchedIndicatorNormal2</include>
                    </control>
                </control>
            </control>
            <control type="group">
                <posx>981</posx>
                <animation effect="rotatey" center="1530" start="55" end="55" time="0" condition="true">Conditional</animation>
                <control type="group">
                    <control type="image">
                        <include>MovieShowcaseThumb</include>
                        <texture background="true" diffuse="diffuse/poster.png" fallback="colors/color_keyboard.png">$VAR[ShowcaseItem1Var]</texture>
                    </control>
                    <control type="image">
                        <include>MovieShowcaseThumbReflection</include>
                        <texture background="true" flipy="true" diffuse="diffuse/poster_reflect.png">$VAR[ShowcaseItem1Var]</texture>
                    </control>
                    <control type="group">
						<include>MovieShowcaseWatchedPos1</include>
                        <include>WatchedIndicatorNormal1</include>
                    </control>
                </control>
            </control>
            <control type="group">
                <visible>Container.OnNext</visible>
                <animation effect="slide" end="75,0" time="250" reversible="false">Hidden</animation>
                <control type="group">
                    <posx>825</posx>
                    <visible>Container.OnNext</visible>
                    <animation effect="rotatey" center="1395" start="0" end="-55" time="250" reversible="false" tween="quadratic" easing="in">Hidden</animation>
                    <animation effect="rotatey" center="1395" start="55" end="55" time="0" condition="true">Conditional</animation>
                    <control type="group">
                        <control type="image">
                            <include>MovieShowcaseThumb</include>
                            <texture background="true" diffuse="diffuse/poster.png" fallback="colors/color_keyboard.png">$VAR[ShowcaseItem0Var]</texture>
                        </control>
                        <control type="image">
                            <include>MovieShowcaseThumbReflection</include>
                        <texture background="true" flipy="true" diffuse="diffuse/poster_reflect.png">$VAR[ShowcaseItem0Var]</texture>
                        </control>
                        <control type="group">
                            <include>MovieShowcaseWatchedPos1</include>
                            <include>WatchedIndicatorNormal</include>
                        </control>
                    </control>
                </control>
                <control type="group">
                    <posx>758</posx>
                    <visible>Container.OnNext</visible>
                    <animation effect="rotatey" center="608" start="0" end="-55" time="250" reversible="false" tween="quadratic" easing="out">Hidden</animation>
                    <control type="group">
                        <control type="image">
                            <include>MovieShowcaseThumb</include>
                            <texture background="true" diffuse="diffuse/poster.png" fallback="colors/color_keyboard.png">$VAR[ShowcaseItem-1Var]</texture>
                        </control>
                        <control type="image">
                            <include>MovieShowcaseThumbReflection</include>
                        <texture background="true" flipy="true" diffuse="diffuse/poster_reflect.png">$VAR[ShowcaseItem-1Var]</texture>
                        </control>
                        <control type="group">
						<include>MovieShowcaseWatchedPos1</include>
                        <include>WatchedIndicatorNormal-1</include>
                    </control>
                    </control>
                </control>
            </control>
        </control>
        <!-- On Previous-->
        <control type="group" id="56002">
            <posy>550</posy>
            <camera x="960" y="750" />
            <visible>Control.IsVisible(524) + Container.OnPrevious + !Skin.HasSetting(flattenshowcase)</visible>
            <animation effect="slide" end="135,0" time="250" reversible="false">Hidden</animation>
            <control type="group">
                <!-- +7 Fade out-->
                <posx>1525</posx>
                <visible>Container.OnPrevious</visible>
                <animation effect="fade" start="100" end="0" time="250" tween="cubic" easing="out" reversible="false">Hidden</animation>
                <animation effect="rotatey" center="2070" start="55" end="55" time="0" condition="true">Conditional</animation>
                <control type="group">
                    <control type="image">
                        <include>MovieShowcaseThumb</include>
                        <texture background="true" diffuse="diffuse/poster.png" fallback="colors/color_keyboard.png">$VAR[ShowcaseItem7Var]</texture>
                    </control>
                    <control type="image">
                        <include>MovieShowcaseThumbReflection</include>
                        <texture background="true" flipy="true" diffuse="diffuse/poster_reflect.png">$VAR[ShowcaseItem7Var]</texture>
                    </control>
                    <control type="group">
						<include>MovieShowcaseWatchedPos1</include>
                        <include>WatchedIndicatorNormal7</include>
                    </control>
					
					
                </control>
            </control>
            <control type="group">
                <posx>1389</posx>
                <animation effect="rotatey" center="1935" start="55" end="55" time="0" condition="true">Conditional</animation>
                <control type="group">
                    <control type="image">
                        <include>MovieShowcaseThumb</include>
                        <texture background="true" diffuse="diffuse/poster.png" fallback="colors/color_keyboard.png">$VAR[ShowcaseItem6Var]</texture>
                    </control>
                    <control type="image">
                        <include>MovieShowcaseThumbReflection</include>
                        <texture background="true" flipy="true" diffuse="diffuse/poster_reflect.png">$VAR[ShowcaseItem6Var]</texture>
                    </control>
                    <control type="group">
						<include>MovieShowcaseWatchedPos1</include>
                        <include>WatchedIndicatorNormal6</include>
                    </control>
                </control>
            </control>
            <control type="group">
                <posx>1254</posx>
                <animation effect="rotatey" center="1800" start="55" end="55" time="0" condition="true">Conditional</animation>
                <control type="group">
                    <control type="image">
                        <include>MovieShowcaseThumb</include>
                        <texture background="true" diffuse="diffuse/poster.png" fallback="colors/color_keyboard.png">$VAR[ShowcaseItem5Var]</texture>
                    </control>
                    <control type="image">
                        <include>MovieShowcaseThumbReflection</include>
                        <texture background="true" flipy="true" diffuse="diffuse/poster_reflect.png">$VAR[ShowcaseItem5Var]</texture>
                    </control>
                    <control type="group">
						<include>MovieShowcaseWatchedPos1</include>
                        <include>WatchedIndicatorNormal5</include>
                    </control>
                </control>
            </control>
            <control type="group">
                <posx>1115</posx>
                <animation effect="rotatey" center="1665" start="55" end="55" time="0" condition="true">Conditional</animation>
                <control type="group">
                    <control type="image">
                        <include>MovieShowcaseThumb</include>
                        <texture background="true" diffuse="diffuse/poster.png" fallback="colors/color_keyboard.png">$VAR[ShowcaseItem4Var]</texture>
                    </control>
                    <control type="image">
                        <include>MovieShowcaseThumbReflection</include>
                        <texture background="true" flipy="true" diffuse="diffuse/poster_reflect.png">$VAR[ShowcaseItem4Var]</texture>
                    </control>
                    <control type="group">
						<include>MovieShowcaseWatchedPos1</include>
                        <include>WatchedIndicatorNormal4</include>
                    </control>
                </control>
            </control>
            <control type="group">
                <posx>980</posx>
                <animation effect="rotatey" center="1530" start="55" end="55" time="0" condition="true">Conditional</animation>
                <control type="group">
                    <control type="image">
                        <include>MovieShowcaseThumb</include>
                        <texture background="true" diffuse="diffuse/poster.png" fallback="colors/color_keyboard.png">$VAR[ShowcaseItem3Var]</texture>
                    </control>
                    <control type="image">
                        <include>MovieShowcaseThumbReflection</include>
                        <texture background="true" flipy="true" diffuse="diffuse/poster_reflect.png">$VAR[ShowcaseItem3Var]</texture>
                    </control>
                    <control type="group">
						<include>MovieShowcaseWatchedPos1</include>
                        <include>WatchedIndicatorNormal3</include>
                    </control>
                </control>
            </control>
            <control type="group">
                <posx>825</posx>
                <animation effect="rotatey" center="1395" start="55" end="55" time="0" condition="true">Conditional</animation>
                <control type="group">
                    <control type="image">
                        <include>MovieShowcaseThumb</include>
                        <texture background="true" diffuse="diffuse/poster.png" fallback="colors/color_keyboard.png">$VAR[ShowcaseItem2Var]</texture>
                    </control>
                    <control type="image">
                        <include>MovieShowcaseThumbReflection</include>
                        <texture background="true" flipy="true" diffuse="diffuse/poster_reflect.png">$VAR[ShowcaseItem2Var]</texture>
                    </control>
                    <control type="group">
						<include>MovieShowcaseWatchedPos1</include>
                        <include>WatchedIndicatorNormal2</include>
                    </control>
                </control>
            </control>
            <control type="group">
                <!-- -6 Fade In-->
                <posx>-120</posx>
                <visible>!Container.OnPrevious</visible>
                <animation effect="fade" start="0" end="100" delay="0" time="250" tween="cubic" easing="in" reversible="false">Visible</animation>
                <animation effect="rotatey" center="-270" start="-55" end="-55" time="0" condition="true">Conditional</animation>
                <control type="group">
                    <control type="image">
                        <include>MovieShowcaseThumb</include>
                        <texture background="true" diffuse="diffuse/poster.png" fallback="colors/color_keyboard.png">$VAR[ShowcaseItem-6Var]</texture>
                    </control>
                    <control type="image">
                        <include>MovieShowcaseThumbReflection</include>
                        <texture background="true" flipy="true" diffuse="diffuse/poster_reflect.png">$VAR[ShowcaseItem-6Var]</texture>
                    </control>
                    <control type="group">
						<include>MovieShowcaseWatchedPos1</include>
                        <include>WatchedIndicatorNormal-6</include>
                    </control>
                </control>
            </control>
            <control type="group">
                <posx>15</posx>
                <animation effect="rotatey" center="-135" start="-55" end="-55" time="0" condition="true">Conditional</animation>
                <control type="group">
                    <control type="image">
                        <include>MovieShowcaseThumb</include>
                        <texture background="true" diffuse="diffuse/poster.png" fallback="colors/color_keyboard.png">$VAR[ShowcaseItem-5Var]</texture>
                    </control>
                    <control type="image">
                        <include>MovieShowcaseThumbReflection</include>
                        <texture background="true" flipy="true" diffuse="diffuse/poster_reflect.png">$VAR[ShowcaseItem-5Var]</texture>
                    </control>
                    <control type="group">
						<include>MovieShowcaseWatchedPos1</include>
                        <include>WatchedIndicatorNormal-5</include>
                    </control>
                </control>
            </control>
            <control type="group">
                <posx>150</posx>
                <animation effect="rotatey" center="0" start="-55" end="-55" time="0" condition="true">Conditional</animation>
                <control type="group">
                    <control type="image">
                        <include>MovieShowcaseThumb</include>
                        <texture background="true" diffuse="diffuse/poster.png" fallback="colors/color_keyboard.png">$VAR[ShowcaseItem-4Var]</texture>
                    </control>
                    <control type="image">
                        <include>MovieShowcaseThumbReflection</include>
                        <texture background="true" flipy="true" diffuse="diffuse/poster_reflect.png">$VAR[ShowcaseItem-4Var]</texture>
                    </control>
                    <control type="group">
						<include>MovieShowcaseWatchedPos1</include>
                        <include>WatchedIndicatorNormal-4</include>
                    </control>
                </control>
            </control>
            <control type="group">
                <posx>285</posx>
                <animation effect="rotatey" center="135" start="-55" end="-55" time="0" condition="true">Conditional</animation>
                <control type="group">
                    <control type="image">
                        <include>MovieShowcaseThumb</include>
                        <texture background="true" diffuse="diffuse/poster.png" fallback="colors/color_keyboard.png">$VAR[ShowcaseItem-3Var]</texture>
                    </control>
                    <control type="image">
                        <include>MovieShowcaseThumbReflection</include>
                        <texture background="true" flipy="true" diffuse="diffuse/poster_reflect.png">$VAR[ShowcaseItem-3Var]</texture>
                    </control>
                    <control type="group">
						<include>MovieShowcaseWatchedPos1</include>
                        <include>WatchedIndicatorNormal-3</include>
                    </control>
                </control>
            </control>
            <control type="group">
                <posx>420</posx>
                <animation effect="rotatey" center="270" start="-55" end="-55" time="0" condition="true">Conditional</animation>
                <control type="group">
                    <control type="image">
                        <include>MovieShowcaseThumb</include>
                        <texture background="true" diffuse="diffuse/poster.png" fallback="colors/color_keyboard.png">$VAR[ShowcaseItem-2Var]</texture>
                    </control>
                    <control type="image">
                        <include>MovieShowcaseThumbReflection</include>
                        <texture background="true" flipy="true" diffuse="diffuse/poster_reflect.png">$VAR[ShowcaseItem-2Var]</texture>
                    </control>
                    <control type="group">
						<include>MovieShowcaseWatchedPos1</include>
                        <include>WatchedIndicatorNormal-4</include>
                    </control>
                </control>
            </control>
            <control type="group">
                <posx>555</posx>
                <animation effect="rotatey" center="405" start="-55" end="-55" time="0" condition="true">Conditional</animation>
                <control type="group">
                    <control type="image">
                        <include>MovieShowcaseThumb</include>
                        <texture background="true" diffuse="diffuse/poster.png" fallback="colors/color_keyboard.png">$VAR[ShowcaseItem-1Var]</texture>
                    </control>
                    <control type="image">
                        <include>MovieShowcaseThumbReflection</include>
                        <texture background="true" flipy="true" diffuse="diffuse/poster_reflect.png">$VAR[ShowcaseItem-1Var]</texture>
                    </control>
                    <control type="group">
						<include>MovieShowcaseWatchedPos1</include>
                        <include>WatchedIndicatorNormal-1</include>
                    </control>
                </control>
            </control>
            <control type="group">
                <visible>Container.OnPrevious</visible>
                <animation effect="slide" end="-75,0" time="250" reversible="false">Hidden</animation>
                <control type="group">
                    <posx>690</posx>
                    <visible>Container.OnPrevious</visible>
                    <animation effect="rotatey" center="540" start="0" end="55" time="250" reversible="false" tween="quadratic" easing="in">Hidden</animation>
                    <animation effect="rotatey" center="540" start="-55" end="-55" time="0" condition="true">Conditional</animation>
                    <control type="group">
                        <control type="image">
                            <include>MovieShowcaseThumb</include>
                            <texture background="true" diffuse="diffuse/poster.png" fallback="colors/color_keyboard.png">$VAR[ShowcaseItem0Var]</texture>
                        </control>
                        <control type="image">
                            <include>MovieShowcaseThumbReflection</include>
                        <texture background="true" flipy="true" diffuse="diffuse/poster_reflect.png">$VAR[ShowcaseItem0Var]</texture>
                        </control>
                        <control type="group">
						<include>MovieShowcaseWatchedPos</include>
                        <include>WatchedIndicatorNormal</include>
                        </control>
                    </control>
                </control>
                <control type="group">
                    <posx>758</posx>
                    <visible>Container.OnPrevious</visible>
                    <animation effect="rotatey" center="1328" start="0" end="55" time="250" reversible="false" tween="quadratic" easing="out">Hidden</animation>
                    <control type="group">
                        <control type="image">
                            <include>MovieShowcaseThumb</include>
                            <texture background="true" diffuse="diffuse/poster.png" fallback="colors/color_keyboard.png">$VAR[ShowcaseItem1Var]</texture>
                        </control>
                        <control type="image">
                            <include>MovieShowcaseThumbReflection</include>
                        <texture background="true" flipy="true" diffuse="diffuse/poster_reflect.png">$VAR[ShowcaseItem1Var]</texture>
                        </control>
                        <control type="group">
						<include>MovieShowcaseWatchedPos1</include>
                        <include>WatchedIndicatorNormal1</include>
                        </control>
                    </control>
                </control>
            </control>
        </control>
        <!-- No Move -->
        <control type="group" id="56000">
            <posy>550</posy>
            <animation type="Conditional" condition="Skin.HasSetting(flattenshowcase)" reversible="false">
                <effect type="fade" start="100" end="0" time="10" delay="800" tween="cubic" easing="inout" />
            </animation>
            <animation effect="fade" time="250">WindowClose</animation>
            <visible>Control.IsVisible(524) + !Control.IsVisible(56001) + !Control.IsVisible(56002)</visible>
            <camera x="960" y="750" />
            <control type="group">
                <!-- -7 Puffer -->
                <control type="group">
                    <control type="image">
                        <posx>-10</posx>
                        <posy>-10</posy>
                        <width>1</width>
                        <height>1</height>
                        <texture background="true" diffuse="diffuse/poster.png" fallback="colors/color_keyboard.png">$VAR[ShowcaseItem-7Var]</texture>
                    </control>
                </control>
            </control>
            <control type="group">
                <!-- +7 Puffer -->
                <control type="group">
                    <control type="image">
                        <posx>-10</posx>
                        <posy>-10</posy>
                        <width>1</width>
                        <height>1</height>
                        <texture background="true" diffuse="diffuse/poster.png" fallback="colors/color_keyboard.png">$VAR[ShowcaseItem7Var]</texture>
                    </control>
                </control>
            </control>
            <control type="group">
                <!-- -6 -->
                <posx>15</posx>
                <animation effect="rotatey" center="-135" start="-55" end="-55" time="0" condition="true">Conditional</animation>
                <animation type="Conditional" condition="Skin.HasSetting(flattenshowcase)">
                    <effect type="rotatey" center="-135" start="0" end="55" time="250" tween="cubic" easing="inout" />
                    <effect type="slide" start="0" end="-1542" time="250" tween="cubic" easing="inout" />
                </animation>
                <control type="group">
                    <control type="image">
                        <include>MovieShowcaseThumb</include>
                        <texture background="true" diffuse="diffuse/poster.png" fallback="colors/color_keyboard.png">$VAR[ShowcaseItem-6Var]</texture>
                    </control>
                    <control type="image">
                        <include>MovieShowcaseThumbReflection</include>
                        <texture background="true" flipy="true" diffuse="diffuse/poster_reflect.png">$VAR[ShowcaseItem-6Var]</texture>
                    </control>
                    <control type="group">
						<include>MovieShowcaseWatchedPos1</include>
                        <include>WatchedIndicatorNormal-6</include>
                        </control>
                </control>
            </control>
            <control type="group">
                <!-- -5 -->
                <posx>150</posx>
                <animation effect="rotatey" center="0" start="-55" end="-55" time="0" condition="true">Conditional</animation>
                <animation type="Conditional" condition="Skin.HasSetting(flattenshowcase)">
                    <effect type="rotatey" center="0" start="0" end="55" time="250" tween="cubic" easing="inout" />
                    <effect type="slide" start="0" end="-1299" time="250" tween="cubic" easing="inout" />
                </animation>
                <control type="group">
                    <control type="image">
                        <include>MovieShowcaseThumb</include>
                        <texture background="true" diffuse="diffuse/poster.png" fallback="colors/color_keyboard.png">$VAR[ShowcaseItem-5Var]</texture>
                    </control>
                    <control type="image">
                        <include>MovieShowcaseThumbReflection</include>
                        <texture background="true" flipy="true" diffuse="diffuse/poster_reflect.png">$VAR[ShowcaseItem-5Var]</texture>
                    </control>
                    <control type="group">
						<include>MovieShowcaseWatchedPos1</include>
                        <include>WatchedIndicatorNormal-5</include>
                        </control>
                </control>
            </control>
            <control type="group">
                <!-- -4 -->
                <posx>285</posx>
                <animation effect="rotatey" center="135" start="-55" end="-55" time="0" condition="true">Conditional</animation>
                <animation type="Conditional" condition="Skin.HasSetting(flattenshowcase)">
                    <effect type="rotatey" center="135" start="0" end="55" time="250" tween="cubic" easing="inout" />
                    <effect type="slide" start="0" end="-1056" time="250" tween="cubic" easing="inout" />
                </animation>
                <control type="group">
                    <control type="image">
                        <include>MovieShowcaseThumb</include>
                        <texture background="true" diffuse="diffuse/poster.png" fallback="colors/color_keyboard.png">$VAR[ShowcaseItem-4Var]</texture>
                    </control>
                    <control type="image">
                        <include>MovieShowcaseThumbReflection</include>
                        <texture background="true" flipy="true" diffuse="diffuse/poster_reflect.png">$VAR[ShowcaseItem-4Var]</texture>
                    </control>
                    <control type="group">
						<include>MovieShowcaseWatchedPos1</include>
                        <include>WatchedIndicatorNormal-4</include>
                        </control>
                </control>
            </control>
            <control type="group">
                <!-- -3 -->
                <posx>420</posx>
                <animation effect="rotatey" center="270" start="-55" end="-55" time="0" condition="true">Conditional</animation>
                <animation type="Conditional" condition="Skin.HasSetting(flattenshowcase)">
                    <effect type="rotatey" center="270" start="0" end="55" time="250" tween="cubic" easing="inout" />
                    <effect type="slide" start="0" end="-472" time="250" tween="cubic" easing="inout" />
                </animation>
                <control type="group">
                    <control type="image">
                        <include>MovieShowcaseThumb</include>
                        <texture background="true" diffuse="diffuse/poster.png" fallback="colors/color_keyboard.png">$VAR[ShowcaseItem-3Var]</texture>
                    </control>
                    <control type="image">
                        <include>MovieShowcaseThumbReflection</include>
                        <texture background="true" flipy="true" diffuse="diffuse/poster_reflect.png">$VAR[ShowcaseItem-3Var]</texture>
                    </control>
                    <control type="group">
						<include>MovieShowcaseWatchedPos1</include>
                        <include>WatchedIndicatorNormal-3</include>
                        </control>
                </control>
            </control>
            <control type="group">
                <!-- -2 -->
                <posx>555</posx>
                <animation effect="rotatey" center="405" start="-55" end="-55" time="0" condition="true">Conditional</animation>
                <animation type="Conditional" condition="Skin.HasSetting(flattenshowcase)">
                    <effect type="rotatey" center="405" start="0" end="55" time="250" tween="cubic" easing="inout" />
                    <effect type="slide" start="0" end="-337" time="250" tween="cubic" easing="inout" />
                </animation>
                <control type="group">
                    <control type="image">
                        <include>MovieShowcaseThumb</include>
                        <texture background="true" diffuse="diffuse/poster.png" fallback="colors/color_keyboard.png">$VAR[ShowcaseItem-2Var]</texture>
                    </control>
                    <control type="image">
                        <include>MovieShowcaseThumbReflection</include>
                        <texture background="true" flipy="true" diffuse="diffuse/poster_reflect.png">$VAR[ShowcaseItem-2Var]</texture>
                    </control>
                    <control type="group">
						<include>MovieShowcaseWatchedPos1</include>
                        <include>WatchedIndicatorNormal-2</include>
                        </control>
                </control>
            </control>
            <control type="group">
                <!-- -1 -->
                <posx>691</posx>
                <!-- add +1 -->
                <animation effect="rotatey" center="540" start="-55" end="-55" time="0" condition="true">Conditional</animation>
                <animation type="Conditional" condition="Skin.HasSetting(flattenshowcase)">
                    <effect type="rotatey" center="540" start="0" end="55" time="250" tween="cubic" easing="inout" />
                    <effect type="slide" start="0" end="-202" time="250" tween="cubic" easing="inout" />
                </animation>
                <control type="group">
                    <control type="image">
                        <include>MovieShowcaseThumb</include>
                        <texture background="true" diffuse="diffuse/poster.png" fallback="colors/color_keyboard.png">$VAR[ShowcaseItem-1Var]</texture>
                    </control>
                    <control type="image">
                        <include>MovieShowcaseThumbReflection</include>
                        <texture background="true" flipy="true" diffuse="diffuse/poster_reflect.png">$VAR[ShowcaseItem-1Var]</texture>
                    </control>
                    <control type="group">
						<include>MovieShowcaseWatchedPos1</include>
                        <include>WatchedIndicatorNormal-1</include>
                        </control>
                </control>
            </control>
            <control type="group">
                <!-- +6 -->
                <posx>1525</posx>
                <animation effect="rotatey" center="2070" start="55" end="55" time="0" condition="true">Conditional</animation>
                <animation type="Conditional" condition="Skin.HasSetting(flattenshowcase)">
                    <effect type="rotatey" center="2070" start="0" end="-55" time="250" tween="cubic" easing="inout" />
                    <effect type="slide" start="0" end="1542" time="250" tween="cubic" easing="inout" />
                </animation>
                <control type="group">
                    <control type="image">
                        <include>MovieShowcaseThumb</include>
                        <texture background="true" diffuse="diffuse/poster.png" fallback="colors/color_keyboard.png">$VAR[ShowcaseItem6Var]</texture>
                    </control>
                    <control type="image">
                        <include>MovieShowcaseThumbReflection</include>
                        <texture background="true" flipy="true" diffuse="diffuse/poster_reflect.png">$VAR[ShowcaseItem6Var]</texture>
                    </control>
                    <control type="group">
						<include>MovieShowcaseWatchedPos1</include>
                        <include>WatchedIndicatorNormal6</include>
					</control>
                </control>
            </control>
            <control type="group">
                <!-- +5 -->
                <posx>1389</posx>
                <animation effect="rotatey" center="1935" start="55" end="55" time="0" condition="true">Conditional</animation>
                <animation type="Conditional" condition="Skin.HasSetting(flattenshowcase)">
                    <effect type="rotatey" center="1935" start="0" end="-55" time="250" tween="cubic" easing="inout" />
                    <effect type="slide" start="0" end="1299" time="250" tween="cubic" easing="inout" />
                </animation>
                <control type="group">
                    <control type="image">
                        <include>MovieShowcaseThumb</include>
                        <texture background="true" diffuse="diffuse/poster.png" fallback="colors/color_keyboard.png">$VAR[ShowcaseItem5Var]</texture>
                    </control>
                    <control type="image">
                        <include>MovieShowcaseThumbReflection</include>
                        <texture background="true" flipy="true" diffuse="diffuse/poster_reflect.png">$VAR[ShowcaseItem5Var]</texture>
                    </control>
                    <control type="group">
						<include>MovieShowcaseWatchedPos1</include>
                        <include>WatchedIndicatorNormal5</include>
					</control>
                </control>
            </control>
            <control type="group">
                <!-- +4 -->
                <posx>1254</posx>
                <animation effect="rotatey" center="1800" start="55" end="55" time="0" condition="true">Conditional</animation>
                <animation type="Conditional" condition="Skin.HasSetting(flattenshowcase)">
                    <effect type="rotatey" center="1800" start="0" end="-55" time="250" tween="cubic" easing="inout" />
                    <effect type="slide" start="0" end="1056" time="250" tween="cubic" easing="inout" />
                </animation>
                <control type="group">
                    <control type="image">
                        <include>MovieShowcaseThumb</include>
                        <texture background="true" diffuse="diffuse/poster.png" fallback="colors/color_keyboard.png">$VAR[ShowcaseItem4Var]</texture>
                    </control>
                    <control type="image">
                        <include>MovieShowcaseThumbReflection</include>
                        <texture background="true" flipy="true" diffuse="diffuse/poster_reflect.png">$VAR[ShowcaseItem4Var]</texture>
                    </control>
                    <control type="group">
						<include>MovieShowcaseWatchedPos1</include>
                        <include>WatchedIndicatorNormal4</include>
					</control>
                </control>
            </control>
            <control type="group">
                <!-- +3 -->
                <posx>1117</posx>
                <animation effect="rotatey" center="1665" start="55" end="55" time="0" condition="true">Conditional</animation>
                <animation type="Conditional" condition="Skin.HasSetting(flattenshowcase)">
                    <effect type="rotatey" center="1665" start="0" end="-55" time="250" tween="cubic" easing="inout" />
                    <effect type="slide" start="0" end="473" time="250" tween="cubic" easing="inout" />
                </animation>
                <control type="group">
                    <control type="image">
                        <include>MovieShowcaseThumb</include>
                        <texture background="true" diffuse="diffuse/poster.png" fallback="colors/color_keyboard.png">$VAR[ShowcaseItem3Var]</texture>
                    </control>
                    <control type="image">
                        <include>MovieShowcaseThumbReflection</include>
                        <texture background="true" flipy="true" diffuse="diffuse/poster_reflect.png">$VAR[ShowcaseItem3Var]</texture>
                    </control>
                    <control type="group">
						<include>MovieShowcaseWatchedPos1</include>
                        <include>WatchedIndicatorNormal3</include>
					</control>
                </control>
            </control>
            <control type="group">
                <!-- +2 -->
                <posx>980</posx>
                <animation effect="rotatey" center="1530" start="55" end="55" time="0" condition="true">Conditional</animation>
                <animation type="Conditional" condition="Skin.HasSetting(flattenshowcase)">
                    <effect type="rotatey" center="1530" start="0" end="-55" time="250" tween="cubic" easing="inout" />
                    <effect type="slide" start="0" end="338" time="250" tween="cubic" easing="inout" />
                </animation>
                <control type="group">
                    <control type="image">
                        <include>MovieShowcaseThumb</include>
                        <texture background="true" diffuse="diffuse/poster.png" fallback="colors/color_keyboard.png">$VAR[ShowcaseItem2Var]</texture>
                    </control>
                    <control type="image">
                        <include>MovieShowcaseThumbReflection</include>
                        <texture background="true" flipy="true" diffuse="diffuse/poster_reflect.png">$VAR[ShowcaseItem2Var]</texture>
                    </control>
                    <control type="group">
						<include>MovieShowcaseWatchedPos1</include>
                        <include>WatchedIndicatorNormal2</include>
					</control>
                </control>
            </control>
            <control type="group">
                <!-- +1 -->
                <posx>842</posx>
                <!-- add +1 -->
                <animation effect="rotatey" center="1395" start="55" end="55" time="0" condition="true">Conditional</animation>
                <animation type="Conditional" condition="Skin.HasSetting(flattenshowcase)">
                    <effect type="rotatey" center="1395" start="0" end="-55" time="250" tween="cubic" easing="inout" />
                    <effect type="slide" start="0" end="203" time="250" tween="cubic" easing="inout" />
                </animation>
                <control type="group">
                    <control type="image">
                        <include>MovieShowcaseThumb</include>
                        <texture background="true" diffuse="diffuse/poster.png" fallback="colors/color_keyboard.png">$VAR[ShowcaseItem1Var]</texture>
                    </control>
                    <control type="image">
                        <include>MovieShowcaseThumbReflection</include>
                        <texture background="true" flipy="true" diffuse="diffuse/poster_reflect.png">$VAR[ShowcaseItem1Var]</texture>
                    </control>
                    <control type="group">
						<include>MovieShowcaseWatchedPos1</include>
                        <include>WatchedIndicatorNormal1</include>
					</control>
                </control>
            </control>
            <control type="group">
                <!-- 0 -->
                <posx>758</posx>
                <control type="group">
				<control type="image">
					<!--cdart image-->
					<width>298</width>
					<height>298</height>
					<posx>53</posx>
					<posy>-133</posy>
					<texture background="true" diffuse="diffuse/cdmask_new.png" fallback="defaultcovers/cd_big.png">$VAR[DiscArtImage]</texture>
                    <aspectratio scalediffuse="false" align="center" aligny="center">scale</aspectratio>
                    <animation effect="slide" start="0,200" end="0" tween="cubic" easing="inout" time="1200" delay="800">Visible</animation>
                    <animation effect="fade" start="0" end="100" delay="800" time="800" pulse="false">Visible</animation>
                    <animation effect="rotate" end="-360" center="auto" time="20000" loop="true" reversible="false" condition="Skin.HasSetting(AnimateDiscArt)">Conditional</animation>
                    <visible>Skin.HasSetting(View524_ShowCDart) + Control.HasFocus(524) + !Skin.HasSetting(PosterShiftViewShowInfo) + !String.StartsWith(ListItem.Art(thumb),Default) + !Container.IsScrolling + !Container.OnScrollNext + !Container.OnScrollPrevious + $EXP[IsMovieDBType] | Control.HasFocus(524) + !Container.IsScrolling + !Container.OnScrollNext + !Container.OnScrollPrevious + Skin.HasSetting(View524_ShowCDart) + Skin.HasSetting(EnableFakeDiscArt)</visible>
                </control>
                    <!-- end of workaround -->
                    <control type="image">
                        <include>MovieShowcaseThumbMain</include>
                        <texture background="true" diffuse="diffuse/poster.png" fallback="colors/color_keyboard.png">$VAR[ShowcaseItem0Var]</texture>
                    </control>
                    <control type="image">
                        <include>MovieShowcaseThumbReflectionMain</include>
						<texture background="true" flipy="true" diffuse="diffuse/poster_reflect.png">$VAR[ShowcaseItem0Var]</texture>
                    </control>
                    <control type="group">
						<include>MovieShowcaseWatchedPos</include>
                        <include>WatchedIndicatorNormal</include>
                        <!-- Workaround for camera bug. As soon as the camera tag is applied to the group, label will be invisible --> 
                        <animation effect="rotatey" center="0" start="1" end="1" time="0" condition="true">Conditional</animation>
					</control>
                </control>
            </control>
        </control>
    </include>
	 
	
</includes>