<?xml version="1.0" encoding="utf-8"?>
<!-- BINGIE -->
<window>
    <zorder>2</zorder>
    <onload>SetFocus(200)</onload>
	<onload condition="!VideoPlayer.Content(livetv) + ![Skin.String(defaultosdbutton_video,203) + !Player.PauseEnabled] + ![[Skin.String(defaultosdbutton_video,202) | Skin.String(defaultosdbutton_video,203)] + !Player.SeekEnabled]">SetFocus($INFO[Skin.String(defaultosdbutton_video)])</onload>
    <onload condition="VideoPlayer.Content(livetv) + ![Skin.String(defaultosdbutton_livetv,203) + !Player.PauseEnabled] + ![[Skin.String(defaultosdbutton_livetv,202) | Skin.String(defaultosdbutton_livetv,203)] + !Player.SeekEnabled]">SetFocus($INFO[Skin.String(defaultosdbutton_livetv)])</onload>
    <onload condition="Skin.HasSetting(UseBingieOSD) + !VideoPlayer.Content(livetv) + !Player.PauseEnabled">SetFocus(300)</onload>
    <onload condition="!Player.Paused + !VideoPlayer.Content(livetv) + Skin.HasSetting(EnableAutoPauseOnOSD)">Pause</onload>
    <onload condition="Skin.HasSetting(OSDShowInfoOnPause) + !Skin.HasSetting(EnableOSDInfo)">Skin.ToggleSetting(EnableOSDInfo)</onload>
    <controls>
		
        <!--OSD Panel-->
        <control type="group">
            <include condition="Skin.HasTheme(classic)">OSDButtonsClassic</include>
            <include condition="!Skin.HasTheme(classic)">OSDButtonsModern</include>
            <include>HideOsdConditions</include>
		</control>
    </controls>
</window>