<?xml version="1.0" encoding="utf-8"?>
<!-- BINGIE -->
<includes>
	
	<include name="SlimListLayout">

		<!--Title-->
		<control type="label">
			<posx>10</posx>
			<posy>-2</posy>
			<align>left</align>
			<width>63%</width>
			<label>[B]$INFO[ListItem.Label][/B]</label>
			<textcolor>$INFO[Skin.String(ViewDetailsListItemTextColor)]</textcolor>
            <visible>![Window.IsActive(tvchannels) | Window.IsActive(tvguide) | Window.IsActive(tvtimers) | Window.IsActive(tvsearch) | Window.IsActive(tvrecordings) | Window.IsActive(addonbrowser)]</visible>
			<font>Light30</font>
		</control>
         <!--Details PVR or addons-->
		<control type="label">
			<posx>10</posx>
			<posy>-2</posy>
			<align>left</align>
			<width>90%</width>
			<label>[B]$INFO[ListItem.Label][/B]$VAR[ListDetails, • ]</label>
			<textcolor>$INFO[Skin.String(ViewDetailsListItemTextColor)]</textcolor>
			<font>Light30</font>
            <visible>[Window.IsActive(tvchannels) | Window.IsActive(tvguide) | Window.IsActive(tvtimers) | Window.IsActive(tvsearch) | Window.IsActive(tvrecordings) | Window.IsActive(addonbrowser)]</visible>
		</control>
		
		<!--quality-->
		<control type="label">
			<posy>-2</posy>
			<right>10</right>
			<width>80</width>
			<align>right</align>
			<label>[B]$VAR[HDIndicator][/B]</label>
			<textcolor>$INFO[Skin.String(ViewDetailsListItemTextColor)]</textcolor>
			<font>Light28</font>
            <visible>![Window.IsActive(tvchannels) | Window.IsActive(tvguide) | Window.IsActive(tvtimers) | Window.IsActive(tvsearch) | Window.IsActive(tvrecordings) | Window.IsActive(addonbrowser)]</visible>
			<visible>![[Skin.HasSetting(WatchedIndicator.Watched) + String.IsEqual(ListItem.Overlay,OverlayWatched.png)] | [Skin.HasSetting(WatchedIndicator.Sets) + String.Contains(ListItem.Path,videodb://movies/sets/)] | [Skin.HasSetting(WatchedIndicator.Progress) + ListItem.IsResumable] | [Skin.HasSetting(WatchedIndicator.Episodes) + Integer.IsGreater(ListItem.Property(UnWatchedEpisodes),0)] | ListItem.IsPlaying | ListItem.IsRecording | Skin.HasSetting(WatchedIndicator.UnWatched)]</visible>
		</control>
		
		<!--Rating-->
		<control type="label">
			<posy>-2</posy>
			<right>80</right>
			<width>80</width>
			<align>center</align>
			<label>$INFO[ListItem.Rating]</label>
			<textcolor>$INFO[Skin.String(ViewDetailsListItemTextColor)]</textcolor>
			<font>Light28</font>
            <visible>![Window.IsActive(tvchannels) | Window.IsActive(tvguide) | Window.IsActive(tvtimers) | Window.IsActive(tvsearch) | Window.IsActive(tvrecordings) | Window.IsActive(addonbrowser)]</visible>
			<visible>!Control.IsVisible(51) + !Control.IsVisible(515)</visible>
		</control>
		
		
		<!--runtime-->
		<control type="label">
			<posy>-2</posy>
			<right>160</right>
			<width>140</width>
			<align>center</align>
			<label>$INFO[ListItem.Duration,,]</label>
			<textcolor>$INFO[Skin.String(ViewDetailsListItemTextColor)]</textcolor>
			<visible>![Skin.HasSetting(BigListViewShowInfo) + Control.IsVisible(51)] + !Control.IsVisible(515)</visible>
            <visible>![Window.IsActive(tvchannels) | Window.IsActive(tvguide) | Window.IsActive(tvtimers) | Window.IsActive(tvsearch) | Window.IsActive(tvrecordings) | Window.IsActive(addonbrowser)]</visible>
			<font>Light28</font>
		</control>
		
		<!--Year-->
		<control type="label">
			<posy>-2</posy>
			<right>320</right>
			<width>110</width>
			<align>center</align>
			<label>$INFO[ListItem.Year]</label>
			<textcolor>$INFO[Skin.String(ViewDetailsListItemTextColor)]</textcolor>
			<visible>![Skin.HasSetting(BigListViewShowInfo) + Control.IsVisible(51)] + !Control.IsVisible(515)</visible>
            <visible>![Window.IsActive(tvchannels) | Window.IsActive(tvguide) | Window.IsActive(tvtimers) | Window.IsActive(tvsearch) | Window.IsActive(tvrecordings) | Window.IsActive(addonbrowser)]</visible>
			<font>Light28</font>
		</control>
		
		<include>WatchedIndicatorSmall</include>
		
		<control type="image">
			<bottom>0</bottom>
			<posy>0</posy>
			<height>1</height>
			<texture>diffuse/panel.png</texture>
			<colordiffuse>grey</colordiffuse>
		</control>
	</include>

    <include name="SlimListLayoutFocus">
		<control type="image">
			<posx>0</posx>
			<posy>0</posy>
			<height>59</height>
			<texture border="5">diffuse/panel.png</texture>
			<colordiffuse>$INFO[Skin.String(ViewDetailsFocusColor)]</colordiffuse>
			
		</control>
		<!--Title-->
		<control type="label">
			<posx>10</posx>
			<posy>-2</posy>
			<align>left</align>
			<width>63%</width>
			<label>[B]$INFO[ListItem.Label][/B]</label>
			<textcolor>$INFO[Skin.String(ViewDetailsListItemTextFocusColor)]</textcolor>
			<font>Light30</font>
			<scroll>true</scroll>
            <visible>![Window.IsActive(tvchannels) | Window.IsActive(tvguide) | Window.IsActive(tvtimers) | Window.IsActive(tvsearch) | Window.IsActive(tvrecordings) | Window.IsActive(addonbrowser)]</visible>
		</control>
         <!--Details PVR or addons-->
		<control type="label">
			<posx>10</posx>
			<posy>-2</posy>
			<align>left</align>
			<width>90%</width>
			<label>[B]$INFO[ListItem.Label][/B]$VAR[ListDetails, • ]</label>
			<textcolor>$INFO[Skin.String(ViewDetailsListItemTextFocusColor)]</textcolor>
			<font>Light30</font>
            <visible>[Window.IsActive(tvchannels) | Window.IsActive(tvguide) | Window.IsActive(tvtimers) | Window.IsActive(tvsearch) | Window.IsActive(tvrecordings) | Window.IsActive(addonbrowser)]</visible>
		</control>
		
		<!--quality-->
		<control type="label">
			<posy>-2</posy>
			<right>10</right>
			<width>80</width>
			<align>right</align>
			<label>[B]$VAR[HDIndicator][/B]</label>
			<textcolor>$INFO[Skin.String(ViewDetailsListItemTextFocusColor)]</textcolor>
			<font>Light28</font>
            <visible>![Window.IsActive(tvchannels) | Window.IsActive(tvguide) | Window.IsActive(tvtimers) | Window.IsActive(tvsearch) | Window.IsActive(tvrecordings) | Window.IsActive(addonbrowser)]</visible>
			<visible>![[Skin.HasSetting(WatchedIndicator.Watched) + String.IsEqual(ListItem.Overlay,OverlayWatched.png)] | [Skin.HasSetting(WatchedIndicator.Sets) + String.Contains(ListItem.Path,videodb://movies/sets/)] | [Skin.HasSetting(WatchedIndicator.Progress) + ListItem.IsResumable] | [Skin.HasSetting(WatchedIndicator.Episodes) + Integer.IsGreater(ListItem.Property(UnWatchedEpisodes),0)] | ListItem.IsPlaying | ListItem.IsRecording | Skin.HasSetting(WatchedIndicator.UnWatched)]</visible>
		</control>
		
		<!--Rating-->
		<control type="label">
			<posy>-2</posy>
			<right>80</right>
			<width>80</width>
			<align>center</align>
			<label>$INFO[ListItem.Rating]</label>
			<textcolor>$INFO[Skin.String(ViewDetailsListItemTextFocusColor)]</textcolor>
			<font>Light28</font>
            <visible>![Window.IsActive(tvchannels) | Window.IsActive(tvguide) | Window.IsActive(tvtimers) | Window.IsActive(tvsearch) | Window.IsActive(tvrecordings) | Window.IsActive(addonbrowser)]</visible>
			<visible>!Control.IsVisible(51) + !Control.IsVisible(515)</visible>
		</control>
		
		
		<!--runtime-->
		<control type="label">
			<posy>-2</posy>
			<right>160</right>
			<width>140</width>
			<align>center</align>
			<label>$INFO[ListItem.Duration,,]</label>
			<textcolor>$INFO[Skin.String(ViewDetailsListItemTextFocusColor)]</textcolor>
			<visible>![Skin.HasSetting(BigListViewShowInfo) + Control.IsVisible(51)] + !Control.IsVisible(515)</visible>
            <visible>![Window.IsActive(tvchannels) | Window.IsActive(tvguide) | Window.IsActive(tvtimers) | Window.IsActive(tvsearch) | Window.IsActive(tvrecordings) | Window.IsActive(addonbrowser)]</visible>
			<font>Light28</font>
		</control>
		
		<!--Year-->
		<control type="label">
			<posy>-2</posy>
			<right>320</right>
			<width>110</width>
			<align>center</align>
			<label>$INFO[ListItem.Year]</label>
			<textcolor>$INFO[Skin.String(ViewDetailsListItemTextFocusColor)]</textcolor>
			<visible>![Skin.HasSetting(BigListViewShowInfo) + Control.IsVisible(51)] + !Control.IsVisible(515)</visible>
            <visible>![Window.IsActive(tvchannels) | Window.IsActive(tvguide) | Window.IsActive(tvtimers) | Window.IsActive(tvsearch) | Window.IsActive(tvrecordings) | Window.IsActive(addonbrowser)]</visible>
			<font>Light28</font>
		</control>
		
		<include>WatchedIndicatorSmall</include>
		
		<control type="image">
			<bottom>0</bottom>
			<posy>0</posy>
			<height>1</height>
			<texture>diffuse/panel.png</texture>
			<colordiffuse>grey</colordiffuse>
			
		</control>
	</include>
	
    <include name="View_516_SlimList">
	
		<control type="group">
			<include>animation_view_change</include>
			<defaultcontrol always="true">516</defaultcontrol>
			<visible>Control.IsVisible(516)</visible>
            <visible>!Window.IsActive(DialogVideoInfo.xml)</visible>
			
			<!-- Fanart Image Added to View-->
            <control type="multiimage">
				<visible>!Skin.HasSetting(View516_DisableFanArt)</visible>
                <include>FullscreenDimensions</include>
                <texture border="15">diffuse/bgpanel.png</texture>
			    <colordiffuse>33ffffff</colordiffuse>
				<imagepath background="true">$VAR[backgroundVar]</imagepath>
                <aspectratio>scale</aspectratio>
                <fadetime>350</fadetime>
                <include>fanartSpeed</include>
                <randomize>true</randomize>
                <loop>yes</loop>
<!-- Background Animation -->
                <animation effect="zoom" start="110" end="130" center="auto" time="12000" tween="cubic" easing="inout" pulse="true" condition="Skin.HasSetting(BackgroundAnimation)">Conditional</animation>
                <animation effect="slide" start="-10,-10" end="10,10" time="8000" tween="cubic" easing="inout" pulse="true" condition="Skin.HasSetting(BackgroundAnimation)">Conditional</animation>
            </control>
		
			<control type="panel" id="516">
                <animation effect="slide" end="-627" time="0" condition="Skin.HasSetting(View516_ShowInfoRight) + Skin.HasSetting(SlimListViewShowInfo)">Conditional</animation>
				<bottom>148</bottom>
                <height>720</height>	
				<left>573</left>
				<width>1290</width>
				<onup>516</onup>
				<ondown>516</ondown>
				<onleft>9000</onleft>
				<onleft>CancelAlarm(preview_delay,silent)</onleft>
				<onleft condition="$EXP[IsPlayingUnrecognizedContent] + Skin.HasSetting(DetailsAutoTrailer) + [!String.IsEmpty(ListItem.Trailer) | !String.IsEmpty(Window(Home).Property(TrailerPlaying))] + !String.IsEqual(Window(Home).Property(TrailerPlaying),fullscreen)">PlayerControl(Stop)</onleft>
				<onback>CancelAlarm(preview_delay,silent)</onback>
				<onback condition="$EXP[IsPlayingUnrecognizedContent] + Skin.HasSetting(DetailsAutoTrailer) + [!String.IsEmpty(ListItem.Trailer) | !String.IsEmpty(Window(Home).Property(TrailerPlaying))] + !String.IsEqual(Window(Home).Property(TrailerPlaying),fullscreen)">PlayerControl(Stop)</onback>
				<onright condition="Skin.HasSetting(EnableQuickJump)">6000</onright>
                <onright condition="!Skin.HasSetting(EnableQuickJump)">60</onright>
				<viewtype label="31450">list</viewtype>
				<include content="View_Forced">
					<param name="viewtype" value="$LOCALIZE[31450]" />
				</include>
				<orientation>vertical</orientation>
				<pagecontrol>60</pagecontrol>
				<scrolltime tween="cubic" easing="out">600</scrolltime>
				<preloaditems>2</preloaditems>
				<itemlayout width="1280" height="60" condition="Skin.HasSetting(SlimListViewShowInfo)">
                    <control type="group">
                        <right>0</right>
                        <width>1160</width>
                        <include>SlimListLayout</include>
                    </control>
				</itemlayout>
				<focusedlayout width="1280" height="60" condition="Skin.HasSetting(SlimListViewShowInfo)">
					<control type="group">
                        <right>0</right>
                        <width>1160</width>
                        <include>SlimListLayoutFocus</include>
						<include condition="Skin.HasSetting(DetailsAutoTrailer)">LibraryAutoTrailerStopButton</include>
						<include content="LibraryAutoTrailerStartButton" condition="Skin.HasSetting(DetailsAutoTrailer)">
							<param name="interval" value="$INFO[Skin.String(details_auto_trailer_interval)]" />
						</include>
                    </control>
				</focusedlayout>
                         <itemlayout width="1280" height="60" condition="!Skin.HasSetting(SlimListViewShowInfo)">		
					<include>SlimListLayout</include>
				</itemlayout>
				<focusedlayout width="1280" height="60" condition="!Skin.HasSetting(SlimListViewShowInfo)">
					<include>SlimListLayoutFocus</include>
				</focusedlayout>

			</control>
			
		
			<!--large poster-->
			<control type="group">
				<visible>!Skin.HasSetting(SlimListViewShowInfo)</visible>
                <visible>Integer.IsGreater(Container.NumItems,0)</visible>
                <left>50</left>
                <bottom>13%</bottom>
                <height>736</height>
                <width>500</width>
				<control type="image">
					<aspectratio align="center" aligny="center" scalediffuse="true">stretch</aspectratio>
					<texture background="true" diffuse="diffuse/poster_big.png" fallback="DefaultVideo.png">$VAR[PosterThumb]</texture>
					<bordersize>8</bordersize>
                    <visible>[!String.IsEmpty(ListItem.Art(poster)) | !String.IsEmpty(ListItem.Art(tvshow.poster))]</visible>
                    <visible>![ListItem.IsCollection + Skin.HasSetting(EmbyCovertArtEnabled)]</visible>
				</control>
                <control type="image">
					<aspectratio align="left" aligny="center" scalediffuse="true">keep</aspectratio>
					<texture background="true" diffuse="diffuse/poster_big.png" fallback="DefaultVideo.png">$VAR[PosterThumb]</texture>
					<bordersize>8</bordersize>
                    <visible>[ListItem.IsCollection + Skin.HasSetting(EmbyCovertArtEnabled)]</visible>
				</control>
                <control type="image">
					<aspectratio align="center" aligny="top" scalediffuse="true">keep</aspectratio>
					<texture background="true" diffuse="diffuse/panel2.png" fallback="DefaultVideo.png">$VAR[PosterThumb]</texture>
					<bordersize>8</bordersize>
                    <visible>![ListItem.IsCollection + Skin.HasSetting(EmbyCovertArtEnabled)]</visible>
                    <visible>String.IsEmpty(ListItem.Art(poster)) + String.IsEmpty(ListItem.Art(tvshow.poster))</visible>
				</control>
                <control type="group">
                    <right>8</right>
                    <posy>8</posy>
                    <include>WatchedIndicatorLarge</include>
                    <visible>![ListItem.IsCollection + Skin.HasSetting(EmbyCovertArtEnabled)]</visible>
                </control>
				<!--old-->
                <!-- <control type="image">
                    <visible>!Skin.HasSetting(View_HidePosterPanel)</visible>
                </control>
                <control type="image">
					<aspectratio align="center" aligny="center" scalediffuse="true">keep</aspectratio>
					<texture background="true" diffuse="diffuse/poster.png" fallback="DefaultVideo.png">$VAR[PosterThumb]</texture>
					<bordersize>8</bordersize>
                    <visible>![Skin.HasSetting(View516_ShowCDart) + [Container.Content(albums) | Container.Content(songs)] + !String.IsEmpty(ListItem.Album) + !String.IsEmpty(ListItem.Art(thumb))]</visible>
				</control>
                <control type="image">
					<aspectratio align="center" aligny="bottom" scalediffuse="true">keep</aspectratio>
					<texture background="true" diffuse="diffuse/poster.png" fallback="DefaultAddonMusic.png">$VAR[PosterThumb]</texture>
					<bordersize>8</bordersize>
                    <visible>Skin.HasSetting(View516_ShowCDart) + [Container.Content(albums) | Container.Content(songs)] + !String.IsEmpty(ListItem.Album) + !String.IsEmpty(ListItem.Art(thumb))</visible>
				</control> -->
			</control> 

			
			<!--vertical Scollbar-->
			<control type="scrollbar" id="60">
				<visible>Control.IsVisible(516) + Integer.IsGreater(Container.NumItems,0)</visible>
				<right>10</right>
				<bottom>148</bottom>
				<height>720</height>
				<onup>60</onup>
				<ondown>6000</ondown>
				<onleft>516</onleft>
				<animation effect="fade" start="0" end="100" time="400" condition="[Control.HasFocus(60) | Skin.HasSetting(EnableTouchSupport) | Container.Scrolling | Skin.HasSetting(alwaysShowScrollbars)] + !Control.IsVisible(6002)">Conditional</animation>
				<animation effect="fade" start="100" end="0" time="400" condition="![Control.HasFocus(60) | Skin.HasSetting(EnableTouchSupport) | Container.Scrolling | Skin.HasSetting(alwaysShowScrollbars)] | Control.IsVisible(6002)">Conditional</animation>
			</control>
                 <include>MovieDetailsLeft</include>

		</control>
		
 	</include>

</includes>