<?xml version="1.0" encoding="utf-8"?>
<includes>
<!-- Poster Row Group Layout -->
	<include name="View52_layout">
            <posx>60</posx>
            <bottom>16%</bottom>
            <width>1827</width>
            <height>345</height>
            <onup>9000</onup>
            <ondown condition="Skin.HasSetting(EnableQuickJump)">7000</ondown>
                <ondown condition="!Skin.HasSetting(EnableQuickJump)">60</ondown>
            <onleft>52</onleft>
            <onright>52</onright>
            <pagecontrol>60</pagecontrol>
            <viewtype label="31445">bigwrap</viewtype>
        <include content="View_Forced">
            <param name="viewtype" value="$LOCALIZE[31445]" />
        </include>
            <scrolltime tween="quadratic">200</scrolltime>
            <focusposition>3</focusposition>
            <preloaditems>2</preloaditems>
            <orientation>horizontal</orientation>
            <preloaditems>2</preloaditems>
            <itemlayout height="345" width="260">
            <!-- Poster UnFocus Layout -->
			<control type="group">
                <width>240</width>
                <height>340</height>
                <include>PosterPanelLayout</include>
				<control type="group">
            <include condition="Skin.HasSetting(CaseOverlays)">PosterCaseOverlay52</include>
        </control>
				<control type="group">
            <!--Watched Overlay-->
            <right>8</right>
            <top>8</top>
            <include>WatchedIndicatorNormal</include>
            <animation type="Conditional" condition="Skin.HasSetting(CaseOverlays)">
                <effect type="slide" end="1,-1" time="0"  />
            </animation>
        </control>
            </control>
        </itemlayout>
        <!-- Poster Focus Layout -->
		<focusedlayout height="345" width="260">
            <control type="group">
                <width>240</width>
                <height>340</height>
                <animation effect="zoom" center="auto" start="100" end="108" time="160" tween="quadratic" condition="Skin.HasSetting(View52_EnableZoomEffect)">Focus</animation>
                <animation effect="zoom" center="auto" start="108" end="100" time="160" tween="quadratic" condition="Skin.HasSetting(View52_EnableZoomEffect)">Unfocus</animation>
                <include>PosterPanelLayoutFocus</include>
				<control type="group">
            <include condition="Skin.HasSetting(CaseOverlays)">PosterCaseOverlay52</include>
        </control>
				<control type="group">
            <!--Watched Overlay-->
            <right>8</right>
            <top>8</top>
            <include>WatchedIndicatorNormal</include>
            <animation type="Conditional" condition="Skin.HasSetting(CaseOverlays)">
                <effect type="slide" end="1,-1" time="0"  />
            </animation>
        </control>
          </control>
        </focusedlayout>
</include>

	<include name="View52_layout_fixed">
		<control type="wraplist" id="52">
			<include>View52_layout</include>
		</control>
	</include>
	
	<include name="View52_layout_normal">
		<control type="panel" id="52">
			<include>View52_layout</include>
		</control>
	</include>
	
	
	<!-- Panel No Info -->
    <include name="View_52_HorizontalPanel">
		<control type="group">
            <visible>Control.IsVisible(52)</visible>
            <include>animation_view_change</include>
			
			<!-- Fanart Image Added to View-->
            <control type="multiimage">
				<visible>!Skin.HasSetting(View52_DisableFanArt)</visible>
                <include>FullscreenDimensions</include>
                <texture border="15">diffuse/bgpanel.png</texture>
			    <colordiffuse>33ffffff</colordiffuse>
				<imagepath background="true">$VAR[backgroundVar]</imagepath>
                <aspectratio>scale</aspectratio>
                <fadetime>350</fadetime>
                <include>fanartSpeed</include>
                <randomize>true</randomize>
                <loop>yes</loop>
             <!-- Background Animation -->
                <animation effect="zoom" start="110" end="130" center="auto" time="12000" tween="cubic" easing="inout" pulse="true" condition="Skin.HasSetting(BackgroundAnimation)">Conditional</animation>
                <animation effect="slide" start="-10,-10" end="10,10" time="8000" tween="cubic" easing="inout" pulse="true" condition="Skin.HasSetting(BackgroundAnimation)">Conditional</animation>
			 </control>
			
			<!-- Movie Details -->
			<control type="group">
				<visible>Skin.HasSetting(PanelViewShowInfo)</visible>
				<!-- <top>-140</top> -->
				<!-- <width>1900</width> -->
                <!-- <height>1050</height> -->
				<include>MovieDetailsTop</include>
			</control>
            
			<!-- View 52 -->
			<include condition="Skin.HasSetting(View52_UseFixedLayout)">View52_layout_fixed</include>
			<include condition="!Skin.HasSetting(View52_UseFixedLayout)">View52_layout_normal</include>
            
            <!--Horizontal Scrollbar-->
			<control type="group">
				<control type="scrollbar" id="60">
					<visible>Control.IsVisible(52) + Integer.IsGreater(Container.NumItems,0)</visible>
					<left>70</left>
					<bottom>4</bottom>
					<width>1780</width>
					<height>15</height>
					<onup>52</onup>
					<onleft>60</onleft>
					<onright>60</onright>
					<orientation>horizontal</orientation>
					<animation effect="fade" start="0" end="100" time="400" condition="[Control.HasFocus(60) | Skin.HasSetting(EnableTouchSupport) | Container.Scrolling | Skin.HasSetting(alwaysShowScrollbars)] + !Control.IsVisible(6002)">Conditional</animation>
					<animation effect="fade" start="100" end="0" time="400" condition="![Control.HasFocus(60) | Skin.HasSetting(EnableTouchSupport) | Container.Scrolling | Skin.HasSetting(alwaysShowScrollbars)] | Control.IsVisible(6002)">Conditional</animation>
				</control>
			</control>
		</control>
	</include>
	<!-- CASE OVERLAYS -->
    <include name="PosterCaseOverlay52">
        <control type="group">
            <visible>
                !String.IsEqual(Skin.String(CaseOverlays.Fallback),None) | 
                String.Contains(ListItem.FileNameAndPath,.3d) |
                Integer.IsGreater(ListItem.VideoResolution,1080) | String.Contains(ListItem(0).FileNameAndPath,4k) |
                [String.Contains(ListItem.FilenameAndPath,bdmv) | String.Contains(ListItem.FilenameAndPath,blu-ray) | String.Contains(ListItem.FilenameAndPath,bluray) | String.Contains(ListItem.FilenameAndPath,bdrip) | String.Contains(ListItem.FilenameAndPath,bd25) | String.Contains(ListItem.FilenameAndPath,bd50)] | 
                String.EndsWith(ListItem.FileNameAndPath,dvd) | String.EndsWith(ListItem.FileNameAndPath,.ifo) | String.Contains(ListItem.FileNameAndPath,.iso) |
                String.IsEqual(ListItem.VideoResolution,480) | String.IsEqual(ListItem.VideoResolution,540) | String.IsEqual(ListItem.VideoResolution,576) | String.IsEqual(ListItem.VideoResolution,720) | String.IsEqual(ListItem.VideoResolution,1080) | String.StartsWith(ListItem.Path,videodb://movies/sets)
            </visible>
            <visible>!String.IsEmpty(ListItem.Art(poster)) | !String.IsEmpty(ListItem.Art(tvshow.poster))</visible>
                <control type="image">
                <texture border="24" diffuse="diffuse/poster5.png">cases/default_top3.png</texture>
                <!-- border left,top,right,bottom  -->
                <bordersize>8</bordersize>
				<width>242</width>
                <height>342</height>
				<posx>-1</posx>
				<posy>-1</posy>
                <colordiffuse>$INFO[Skin.String(CaseOverlays.Color)]</colordiffuse>
            </control>
            <control type="image">
                <texture background="true">$VAR[PosterCaseOverlayVar]</texture>
                <top>12</top>
                <height>24</height>
                <aspectratio aligny="top" align="center">keep</aspectratio>
                <!-- border left,top,right,bottom  -->
                <bordersize>0</bordersize>
                <colordiffuse>$INFO[Skin.String(CaseOverlays.TextColor)]</colordiffuse>
            </control>
        </control>
    </include>
</includes>