<?xml version="1.0" encoding="utf-8"?>
<!-- BINGIE -->
<includes>
	<include name="View_504_BigList2">
	
		<control type="group">
			<defaultcontrol always="true">504</defaultcontrol>
			<visible>Control.IsVisible(504)</visible>
			<include>animation_view_change</include>
			
			<!-- Fanart Image Added to View-->
            <control type="multiimage">
				<visible>!Skin.HasSetting(View504_DisableFanArt)</visible>
                <include>FullscreenDimensions</include>
                <texture border="15">diffuse/bgpanel.png</texture>
			    <colordiffuse>33ffffff</colordiffuse>
				<imagepath background="true">$VAR[backgroundVar]</imagepath>
                <aspectratio>scale</aspectratio>
                <fadetime>350</fadetime>
                <include>fanartSpeed</include>
                <randomize>true</randomize>
                <loop>yes</loop>
<!-- Background Animation -->
                <animation effect="zoom" start="110" end="130" center="auto" time="12000" tween="cubic" easing="inout" pulse="true" condition="Skin.HasSetting(BackgroundAnimation)">Conditional</animation>
                <animation effect="slide" start="-10,-10" end="10,10" time="8000" tween="cubic" easing="inout" pulse="true" condition="Skin.HasSetting(BackgroundAnimation)">Conditional</animation>
            </control>
     
		
			<control type="panel" id="504">
				<viewtype label="31643">list</viewtype>
				<include content="View_Forced">
					<param name="viewtype" value="$LOCALIZE[31643]" />
				</include>
				<animation effect="slide" end="505" time="0" condition="!Skin.HasSetting(View504_ShowInfoRight)">Conditional</animation>
				<bottom>147</bottom>
                <height>721</height>	
				<left>55</left>
				<width>800</width>
				<onup>504</onup>
				<ondown>504</ondown>
				<onleft>9000</onleft>
				<onright condition="Skin.HasSetting(EnableQuickJump)">6000</onright>
                <onright condition="!Skin.HasSetting(EnableQuickJump)">60</onright>
				<orientation>vertical</orientation>
				<pagecontrol>60</pagecontrol>
				<scrolltime tween="cubic" easing="out">600</scrolltime>
				<preloaditems>2</preloaditems>
				<itemlayout width="800" height="103" condition="!Skin.HasSetting(View504_UseSlimList)">		
                    <control type="group">
                        <left>0</left>
                        <width>790</width>
                        <include>BiglistLayout</include>
                    </control>
				</itemlayout>
				<focusedlayout width="800" height="103" condition="!Skin.HasSetting(View504_UseSlimList)">
                    <control type="group">
                        <left>0</left>
                        <width>790</width>
                        <include>BigListFocusLayout</include>
						<include content="LibraryAutoTrailerButton" condition="Skin.HasSetting(DetailsAutoTrailer)">
							<param name="interval" value="$INFO[Skin.String(details_auto_trailer_interval)]" />
						</include>
                    </control>
				</focusedlayout>

				<itemlayout width="800" height="60" condition="Skin.HasSetting(View504_UseSlimList)">		
                    <control type="group">
                        <left>0</left>
                        <width>790</width>
                        <include>Biglist2SlimLayout</include>
                    </control>
				</itemlayout>
				<focusedlayout width="800" height="60" condition="Skin.HasSetting(View504_UseSlimList)">
                    <control type="group">
                        <left>0</left>
                        <width>790</width>
                        <include>BigList2SlimLayoutFocus</include>
						<include content="LibraryAutoTrailerButton" condition="Skin.HasSetting(DetailsAutoTrailer)">
							<param name="interval" value="$INFO[Skin.String(details_auto_trailer_interval)]" />
						</include>
                    </control>
				</focusedlayout>
			</control>
            <control type="group">
                <!-- info panel -->
                <include>MovieDetailsLeft_Small</include>
                <animation effect="slide" end="815" time="0" condition="Skin.HasSetting(View504_ShowInfoRight) + Skin.HasSetting(View504_SwapPoster)">Conditional</animation>
                <animation effect="slide" end="1320" time="0" condition="Skin.HasSetting(View504_ShowInfoRight) + !Skin.HasSetting(View504_SwapPoster)">Conditional</animation>
				<left>-5</left>
            </control>
            
            <!--large poster-->
			<control type="group">
                <animation effect="slide" end="-505" time="0" condition="Skin.HasSetting(View504_ShowInfoRight) + !Skin.HasSetting(View504_SwapPoster)">Conditional</animation>
                <visible>Integer.IsGreater(Container.NumItems,0)</visible>
                <right>55</right>
                <bottom>13%</bottom>
                <height>736</height>
                <width>500</width>
                <control type="image">
                  </control>
                <control type="image">
					<aspectratio align="center" aligny="center" scalediffuse="true">stretch</aspectratio>
					<texture background="true" diffuse="diffuse/poster_big.png" fallback="DefaultVideo.png">$VAR[PosterThumb]</texture>
					<bordersize>8</bordersize>
                    <visible>[!String.IsEmpty(ListItem.Art(poster)) | !String.IsEmpty(ListItem.Art(tvshow.poster))]</visible>
                    <visible>![ListItem.IsCollection + Skin.HasSetting(EmbyCovertArtEnabled)]</visible>
				</control>
                <control type="image">
					<aspectratio align="center" aligny="center" scalediffuse="true">keep</aspectratio>
					<texture background="true" diffuse="diffuse/poster_big.png" fallback="DefaultVideo.png">$VAR[PosterThumb]</texture>
					<bordersize>8</bordersize>
                    <visible>[ListItem.IsCollection + Skin.HasSetting(EmbyCovertArtEnabled)]</visible>
				</control>
                <control type="image">
					<aspectratio align="center" aligny="top" scalediffuse="true">keep</aspectratio>
					<texture background="true" diffuse="diffuse/panel2.png" fallback="DefaultVideo.png">$VAR[PosterThumb]</texture>
					<bordersize>8</bordersize>
                    <visible>![ListItem.IsCollection + Skin.HasSetting(EmbyCovertArtEnabled)]</visible>
                    <visible>String.IsEmpty(ListItem.Art(poster)) + String.IsEmpty(ListItem.Art(tvshow.poster))</visible>
				</control>
                <control type="group">
                <right>8</right>
                <top>8</top>
                <include>WatchedIndicatorLarge</include>
                <visible>[!String.IsEmpty(ListItem.Art(poster)) | !String.IsEmpty(ListItem.Art(tvshow.poster))]</visible>
                <visible>![ListItem.IsCollection + Skin.HasSetting(EmbyCovertArtEnabled)]</visible>
                </control>
			</control>
     			<!--vertical Scollbar-->
			<control type="scrollbar" id="60">
				<visible>Control.IsVisible(504) + Integer.IsGreater(Container.NumItems,0)</visible>
				<right>10</right>
				<bottom>148</bottom>
				<height>720</height>
				<onup>60</onup>
				<ondown>6000</ondown>
				<onleft>504</onleft>
				<animation effect="fade" start="0" end="100" time="400" condition="[Control.HasFocus(60) | Skin.HasSetting(EnableTouchSupport) | Container.Scrolling | Skin.HasSetting(alwaysShowScrollbars)] + !Control.IsVisible(6002)">Conditional</animation>
				<animation effect="fade" start="100" end="0" time="400" condition="![Control.HasFocus(60) | Skin.HasSetting(EnableTouchSupport) | Container.Scrolling | Skin.HasSetting(alwaysShowScrollbars)] | Control.IsVisible(6002)">Conditional</animation>
			</control>
    

		</control>
		
	</include>
    <include name="Biglist2SlimLayout">

		<!--Title-->
		<control type="label">
			<posx>10</posx>
			<posy>-2</posy>
			<align>left</align>
			<width>80%</width>
			<label>[B]$INFO[ListItem.Label][/B]</label>
			<textcolor>$INFO[Skin.String(ViewDetailsListItemTextColor)]</textcolor>
			<font>Light30</font>
		</control>		
		
		<control type="group">
			<!--Watched Overlay-->
			<visible>![Skin.HasSetting(View51_ShowCDart) + ![VideoPlayer.Content(livetv) + Skin.HasSetting(PVRShowPreview) + [Window.IsActive(tvchannels) | Window.IsActive(tvguide) | Window.IsActive(tvtimers) | Window.IsActive(tvsearch) | Window.IsActive(tvrecordings)]]]</visible>
			<include>WatchedIndicatorSmall</include>
		</control>
		
		<control type="image">
			<bottom>0</bottom>
			<posy>0</posy>
			<height>1</height>
			<texture>diffuse/panel.png</texture>
			<colordiffuse>grey</colordiffuse>
		</control>
	</include>

    <include name="BigList2SlimLayoutFocus">
		<control type="image">
			<posx>0</posx>
			<posy>0</posy>
			<height>59</height>
			<texture border="5">diffuse/panel.png</texture>
			<colordiffuse>$INFO[Skin.String(ViewDetailsFocusColor)]</colordiffuse>
			
		</control>
		<!--Title-->
		<control type="label">
			<posx>10</posx>
			<posy>-2</posy>
			<align>left</align>
			<width>65%</width>
			<label>[B]$INFO[ListItem.Label][/B]</label>
			<textcolor>$INFO[Skin.String(ViewDetailsListItemTextFocusColor)]</textcolor>
			<font>Light30</font>
			<scroll>true</scroll>
		</control>

		
		<control type="group">
			<!--Watched Overlay-->
			<visible>![Skin.HasSetting(View51_ShowCDart) + ![VideoPlayer.Content(livetv) + Skin.HasSetting(PVRShowPreview) + [Window.IsActive(tvchannels) | Window.IsActive(tvguide) | Window.IsActive(tvtimers) | Window.IsActive(tvsearch) | Window.IsActive(tvrecordings)]]]</visible>
			<include>WatchedIndicatorSmall</include>
		</control>
		
		<control type="image">
			<bottom>0</bottom>
			<posy>0</posy>
			<height>1</height>
			<texture>diffuse/panel.png</texture>
			<colordiffuse>grey</colordiffuse>
			
		</control>
	</include>
	
</includes>