<?xml version="1.0" encoding="UTF-8" standalone="yes"?>
<addon id="repository.titan.bingie.mod" name="Titan BINGIE MOD Repository" provider-name="AchillesPunks, Matke" version="2.0.1">
	<extension point="xbmc.addon.repository" name="Titan BINGIE MOD Repository">
		<requires>
			<import addon="xbmc.addon" version="12.0.0"/>
		</requires>
		<dir>
			<info compressed="false">https://raw.githubusercontent.com/AchillesPunks/repository.titan.bingie.mod/master/addons.xml</info>
			<checksum>https://raw.githubusercontent.com/AchillesPunks/repository.titan.bingie.mod/master/addons.xml.md5</checksum>
			<datadir zip="true">https://raw.githubusercontent.com/AchillesPunks/repository.titan.bingie.mod/master/</datadir>
		</dir>
		<dir minversion="20.0.0" maxversion="20.9.0">
			<info compressed="false">https://raw.githubusercontent.com/AchillesPunks/repository.titan.bingie.mod/master/nexus/addons.xml</info>
			<checksum>https://raw.githubusercontent.com/AchillesPunks/repository.titan.bingie.mod/master/nexus/addons.xml.md5</checksum>
			<datadir zip="true">https://raw.githubusercontent.com/AchillesPunks/repository.titan.bingie.mod/master/nexus/</datadir>
		</dir>
		<dir minversion="20.9.1">
			<info compressed="false">https://raw.githubusercontent.com/AchillesPunks/repository.titan.bingie.mod/master/omega/addons.xml</info>
			<checksum>https://raw.githubusercontent.com/AchillesPunks/repository.titan.bingie.mod/master/omega/addons.xml.md5</checksum>
			<datadir zip="true">https://raw.githubusercontent.com/AchillesPunks/repository.titan.bingie.mod/master/omega/</datadir>
		</dir>
	</extension>
	<extension point="xbmc.addon.metadata">
		<summary lang="en">Titan BINGIE MOD Repository</summary>
        <description lang="en">A repository for Titan BINGIE MOD skin.</description>
        <disclaimer></disclaimer>
        <platform>all</platform>
        <assets>
            <icon>icon.png</icon>
            <fanart>fanart.jpg</fanart>
        </assets>
	</extension>
</addon>