<?xml version="1.0" encoding="utf-8"?>
<!-- BINGIE -->
<includes>

    <include name="DefaultSkinHubs">
        <include condition="!Skin.HasSetting(HubWidgetsDefaults)">Default_Hubs_Widgets</include>
    </include>

    <!-- default widgets in hubs -->
    <include name="Default_Hubs_Widgets">
        <!-- set default spotlights -->
        <onload>Skin.SetString(spotlightmovies.label, $LOCALIZE[13278])</onload>
        <onload>Skin.Reset(spotlightmovies.path)</onload>
        <onload>Skin.SetString(spotlighttvshows.label, $LOCALIZE[13278])</onload>
        <onload>Skin.Reset(spotlighttvshows.path)</onload>
        <onload>Skin.SetString(spotlightnew.label, $LOCALIZE[13278])</onload>
        <onload>Skin.Reset(spotlightnew.path)</onload>

        <!-- MOVIES HUB -->
        <!-- movies hub - widget 1 -->
        <onload>Skin.SetString(bingiehub-movies-510.label, [CAPITALIZE]$LOCALIZE[31535][/CAPITALIZE])</onload>
        <onload>Skin.SetString(bingiehub-movies-510.target, videos)</onload>
        <onload>Skin.SetString(bingiehub-movies-510.path, special://skin/extras/widgetplaylists/inprogressmovies.xsp)</onload>
        <!-- movies hub - widget 2 -->
        <onload>Skin.SetString(bingiehub-movies-520.label, [CAPITALIZE]$LOCALIZE[31127][/CAPITALIZE])</onload>
        <onload>Skin.SetString(bingiehub-movies-520.target, videos)</onload>
        <onload>Skin.SetString(bingiehub-movies-520.path, special://skin/extras/widgetplaylists/recentlyaddedmovies.xsp)</onload>
        <!-- movies hub - widget 3 -->
        <onload>Skin.SetString(bingiehub-movies-530.label, [CAPITALIZE]$LOCALIZE[31562][/CAPITALIZE])</onload>
        <onload>Skin.SetString(bingiehub-movies-530.target, videos)</onload>
        <onload>Skin.SetString(bingiehub-movies-530.path, special://skin/extras/widgetplaylists/recommendedmovies.xsp)</onload>
        <!-- movies hub - widget 4 -->
        <onload>Skin.SetString(bingiehub-movies-540.label, [CAPITALIZE]$LOCALIZE[31575][/CAPITALIZE])</onload>
        <onload>Skin.SetString(bingiehub-movies-540.target, videos)</onload>
        <onload>Skin.SetString(bingiehub-movies-540.path, plugin://script.skin.helper.widgets/?action=similar&amp;mediatype=movies&amp;reload=$INFO[Window(Home).Property(widgetreload2)])</onload>
        <!-- movies hub - widget 5 -->
        <onload>Skin.SetString(bingiehub-movies-550.label, [CAPITALIZE]$LOCALIZE[20342] - $LOCALIZE[515][/CAPITALIZE])</onload>
        <onload>Skin.SetString(bingiehub-movies-550.target, videos)</onload>
        <onload>Skin.SetString(bingiehub-movies-550.path, plugin://script.skin.helper.widgets/?action=forgenre&amp;mediatype=movies&amp;reload=$INFO[Window(Home).Property(widgetreload2)])</onload>
        <!-- reset -->
        <onload>Skin.Reset(bingiehub-movies-560.label)</onload>
        <onload>Skin.Reset(bingiehub-movies-560.target)</onload>
        <onload>Skin.Reset(bingiehub-movies-560.path)</onload>
        <onload>Skin.Reset(bingiehub-movies-570.label)</onload>
        <onload>Skin.Reset(bingiehub-movies-570.target)</onload>
        <onload>Skin.Reset(bingiehub-movies-570.path)</onload>
        <onload>Skin.Reset(bingiehub-movies-580.label)</onload>
        <onload>Skin.Reset(bingiehub-movies-580.target)</onload>
        <onload>Skin.Reset(bingiehub-movies-580.path)</onload>

        <!-- TVSHOWS HUB -->
        <!-- tvshows hub - widget 1 -->
        <onload>Skin.SetString(bingiehub-tvshows-510.label, [CAPITALIZE]$LOCALIZE[31535][/CAPITALIZE])</onload>
        <onload>Skin.SetString(bingiehub-tvshows-510.target, videos)</onload>
        <onload>Skin.SetString(bingiehub-tvshows-510.path, special://skin/extras/widgetplaylists/inprogresstvshows.xsp)</onload>
        <!-- tvshows hub - widget 2 -->
        <onload>Skin.SetString(bingiehub-tvshows-520.label, [CAPITALIZE]$LOCALIZE[31127][/CAPITALIZE])</onload>
        <onload>Skin.SetString(bingiehub-tvshows-520.target, videos)</onload>
        <onload>Skin.SetString(bingiehub-tvshows-520.path, special://skin/extras/widgetplaylists/recentlyaddedtvshows.xsp)</onload>
        <!-- tvshows hub - widget 3 -->
        <onload>Skin.SetString(bingiehub-tvshows-530.label, [CAPITALIZE]$LOCALIZE[31385][/CAPITALIZE])</onload>
        <onload>Skin.SetString(bingiehub-tvshows-530.target, videos)</onload>
        <onload>Skin.SetString(bingiehub-tvshows-530.path, special://skin/extras/widgetplaylists/recommendedtvshows.xsp)</onload>
        <!-- tvshows hub - widget 4 -->
        <onload>Skin.SetString(bingiehub-tvshows-540.label, [CAPITALIZE]$LOCALIZE[31576][/CAPITALIZE])</onload>
        <onload>Skin.SetString(bingiehub-tvshows-540.target, videos)</onload>
        <onload>Skin.SetString(bingiehub-tvshows-540.path, plugin://script.skin.helper.widgets/?action=similarshows&amp;reload=$INFO[Window(Home).Property(widgetreload2)])</onload>
        <!-- tvshows hub - widget 5 -->
        <onload>Skin.SetString(bingiehub-tvshows-550.label, [CAPITALIZE]$LOCALIZE[20343] - $LOCALIZE[515][/CAPITALIZE])</onload>
        <onload>Skin.SetString(bingiehub-tvshows-550.target, videos)</onload>
        <onload>Skin.SetString(bingiehub-tvshows-550.path, plugin://script.skin.helper.widgets/?action=forgenre&amp;mediatype=tvshows&amp;reload=$INFO[Window(Home).Property(widgetreload2)])</onload>
        <!-- reset -->
        <onload>Skin.Reset(bingiehub-tvshows-560.label)</onload>
        <onload>Skin.Reset(bingiehub-tvshows-560.target)</onload>
        <onload>Skin.Reset(bingiehub-tvshows-560.path)</onload>
        <onload>Skin.Reset(bingiehub-tvshows-570.label)</onload>
        <onload>Skin.Reset(bingiehub-tvshows-570.target)</onload>
        <onload>Skin.Reset(bingiehub-tvshows-570.path)</onload>
        <onload>Skin.Reset(bingiehub-tvshows-580.label)</onload>
        <onload>Skin.Reset(bingiehub-tvshows-580.target)</onload>
        <onload>Skin.Reset(bingiehub-tvshows-580.path)</onload>

        <!-- NEW HUB -->
        <!-- new hub - widget 1 -->
        <onload>Skin.SetString(bingiehub-new-510.label, [CAPITALIZE]$LOCALIZE[31127][/CAPITALIZE])</onload>
        <onload>Skin.SetString(bingiehub-new-510.target, videos)</onload>
        <onload>Skin.SetString(bingiehub-new-510.path, plugin://script.skin.helper.widgets/?action=recent&amp;mediatype=media&amp;reload=$INFO[Window(Home).Property(widgetreload)])</onload>
        <!-- new hub - widget 2 -->
        <onload>Skin.SetString(bingiehub-new-520.label, [CAPITALIZE]$LOCALIZE[31577][/CAPITALIZE])</onload>
        <onload>Skin.SetString(bingiehub-new-520.target, videos)</onload>
        <onload>Skin.SetString(bingiehub-new-520.path, plugin://script.skin.helper.widgets/?action=newrelease&amp;mediatype=media&amp;reload=$INFO[Window(Home).Property(widgetreload)])</onload>
        <!-- reset -->
        <onload>Skin.Reset(bingiehub-new-530.label)</onload>
        <onload>Skin.Reset(bingiehub-new-530.target)</onload>
        <onload>Skin.Reset(bingiehub-new-530.path)</onload>
        <onload>Skin.Reset(bingiehub-new-540.label)</onload>
        <onload>Skin.Reset(bingiehub-new-540.target)</onload>
        <onload>Skin.Reset(bingiehub-new-540.path)</onload>
        <onload>Skin.Reset(bingiehub-new-550.label)</onload>
        <onload>Skin.Reset(bingiehub-new-550.target)</onload>
        <onload>Skin.Reset(bingiehub-new-550.path)</onload>
        <onload>Skin.Reset(bingiehub-new-560.label)</onload>
        <onload>Skin.Reset(bingiehub-new-560.target)</onload>
        <onload>Skin.Reset(bingiehub-new-560.path)</onload>
        <onload>Skin.Reset(bingiehub-new-570.label)</onload>
        <onload>Skin.Reset(bingiehub-new-570.target)</onload>
        <onload>Skin.Reset(bingiehub-new-570.path)</onload>
        <onload>Skin.Reset(bingiehub-new-580.label)</onload>
        <onload>Skin.Reset(bingiehub-new-580.target)</onload>
        <onload>Skin.Reset(bingiehub-new-580.path)</onload>

        <!-- finish default settings -->
        <onload condition="!Skin.HasSetting(HubWidgetsDefaults)">Skin.SetBool(HubWidgetsDefaults)</onload>
    </include>

</includes>
