<?xml version="1.0" encoding="utf-8"?>
<!-- BINGIE -->
<includes>

    <!--Animation-->
    <include name="animation_view_change">
        <!--View Change -->
        <animation time="200" effect="fade">Visible</animation>
        <animation time="200" effect="fade">Hidden</animation>
    </include>
    <include name="animation_view_change_pvr">
        <!--View Change PVR-->
        <animation time="200" effect="fade">Visible</animation>
        <animation time="200" effect="fade">Hidden</animation>
    </include>

    <include name="Startup_Dialog_OpenClose">
        <animation type="WindowOpen" reversible="false">
            <effect type="zoom" start="80" end="100" center="960,540" delay="160" tween="circle" easing="out" time="240" />
            <effect type="fade" delay="160" end="100" time="240" />
        </animation>
        <animation type="WindowClose" reversible="false">
            <effect type="zoom" start="100" end="80" center="960,540" easing="in" tween="circle" time="240" />
            <effect type="fade" start="100" end="0" time="240" />
        </animation>
    </include>

    <include name="Visible_Fade">
        <animation effect="fade" end="100" time="200">WindowOpen</animation>
        <animation effect="fade" start="100" end="0" time="200">WindowClose</animation>
        <animation effect="fade" end="100" time="200">Visible</animation>
        <animation effect="fade" start="100" end="0" time="200">Hidden</animation>
    </include>

    <include name="animation_window_open_close">
        <!--Fade Open/Close normal-->
        <animation type="WindowOpen" reversible="false" condition="!Skin.HasSetting(LowPerformanceMode) + ![Control.IsVisible(525) | Control.IsVisible(523) | Control.IsVisible(526)]">
            <effect type="zoom" start="80" end="100" center="960,540" easing="out" tween="back" time="200"/>
            <effect type="fade" start="0" end="100" time="200"/>
        </animation>
        <animation type="WindowClose" reversible="false" condition="!Skin.HasSetting(LowPerformanceMode) + ![Control.IsVisible(525) | Control.IsVisible(523) | Control.IsVisible(526)]">
            <effect type="zoom" start="100" end="80" center="960,540" easing="in" tween="back" time="200"/>
            <effect type="fade" start="100" end="0" time="200"/>
        </animation>

        <!--Fade Open/Close slow systems-->
        <animation type="WindowOpen" reversible="false" condition="Skin.HasSetting(LowPerformanceMode) | [Control.IsVisible(525)]">
            <effect type="fade" start="0" end="100" time="150"/>
        </animation>
        <animation type="WindowClose" reversible="false" condition="Skin.HasSetting(LowPerformanceMode) | [Control.IsVisible(525)]">
            <effect type="fade" start="100" end="0" time="150"/>
        </animation>

        <animation time="150" effect="fade" reversible="true" easing="inout">Visible</animation>
    </include>

    <include name="BingieViews_WindowOpen_Fade">
        <animation type="WindowOpen" reversible="false">
            <effect type="fade" start="0" end="100" time="600"/>
        </animation>
    </include>

    <!-- Background Animation -->
    <include name="BackgroundAnimation">
        <animation effect="zoom" start="110" end="130" center="auto" time="12000" tween="cubic" easing="inout" pulse="true" condition="Skin.HasSetting(BackgroundAnimation)">Conditional</animation>
        <animation effect="slide" start="-10,-10" end="10,10" time="8000" tween="cubic" easing="inout" pulse="true" condition="Skin.HasSetting(BackgroundAnimation)">Conditional</animation>
    </include>

    <!-- Menu Animations -->
    <include name="Circular_Menu_Animations">
        <animation type="Conditional" condition="$EXP[IsMainMenuOpened]">
            <effect type="slide" start="0" end="600" time="325" delay="0" tween="cubic" easing="inout" />
            <effect type="fade" start="0" end="100" time="325" delay="0" tween="cubic" easing="inout" />
        </animation>
    </include>
    <include name="No_Circular_Menu_Animations">
        <animation effect="slide" start="0" end="280" time="325" delay="0" tween="cubic" easing="inout" condition="$EXP[IsMainMenuOpened] + [[$EXP[IsBingieListsActive] | Window.IsActive(1109)] | [[Window.IsActive(Home) | $EXP[IsBingieHubsActive]] + [!String.IsEmpty(Window(Home).Property(LastFocusWidgetPos)) + String.IsEqual(Window(Home).Property(LastFocusWidgetPos), 1)] | String.IsEmpty(Window(Home).Property(LastFocusWidgetPos))]]">Conditional</animation>
        <animation effect="slide" start="0" end="280" time="325" delay="0" tween="cubic" easing="inout" condition="$EXP[IsMainMenuOpened] + [Window.IsActive(Home) | $EXP[IsBingieHubsActive]] + !String.IsEmpty(Window(Home).Property(LastFocusWidgetPos)) + !String.IsEqual(Window(Home).Property(LastFocusWidgetPos), 1)">Conditional</animation>
	<!-- Side Menu Icons Static Position -->        <!-- Change End to Zero / Default is -100 -->
		<animation effect="slide" start="0" end="0" time="200" delay="0" tween="sine" easing="inout" condition="[Window.IsActive(Home) | $EXP[IsBingieHubsActive]] + !String.IsEmpty(Window(Home).Property(LastFocusWidgetPos)) + !String.IsEqual(Window(Home).Property(LastFocusWidgetPos), 1)">Conditional</animation>
    </include>
	
	<include name="No_Circular_Menu_AnimationsOriginal">
        <animation effect="slide" start="0" end="260" time="325" delay="0" tween="cubic" easing="inout" condition="$EXP[IsMainMenuOpened] + [[$EXP[IsBingieListsActive] | Window.IsActive(1109)] | [[Window.IsActive(Home) | $EXP[IsBingieHubsActive]] + [!String.IsEmpty(Window(Home).Property(LastFocusWidgetPos)) + String.IsEqual(Window(Home).Property(LastFocusWidgetPos), 1)] | String.IsEmpty(Window(Home).Property(LastFocusWidgetPos))]]">Conditional</animation>
        <animation effect="slide" start="0" end="360" time="325" delay="0" tween="cubic" easing="inout" condition="$EXP[IsMainMenuOpened] + [Window.IsActive(Home) | $EXP[IsBingieHubsActive]] + !String.IsEmpty(Window(Home).Property(LastFocusWidgetPos)) + !String.IsEqual(Window(Home).Property(LastFocusWidgetPos), 1)">Conditional</animation>
        <animation effect="slide" start="0" end="-100" time="200" delay="0" tween="sine" easing="inout" condition="[Window.IsActive(Home) | $EXP[IsBingieHubsActive]] + !String.IsEmpty(Window(Home).Property(LastFocusWidgetPos)) + !String.IsEqual(Window(Home).Property(LastFocusWidgetPos), 1)">Conditional</animation>
    </include>
	
	
    <include name="KeepMenuIndicatorVisible">
        <animation effect="slide" start="0" end="100" delay="300" reversible="false" condition="[Window.IsActive(Home) | $EXP[IsBingieHubsActive]] + !String.IsEmpty(Window(Home).Property(LastFocusWidgetPos)) + !String.IsEqual(Window(Home).Property(LastFocusWidgetPos), 1)">Conditional</animation>
    </include>

    <!-- Trailer Window Animation -->
    <include name="Bingie_Preview_Window_Overlay_Anim">
        <animation type="Visible">
            <effect type="fade" start="100" end="100" time="600"/>
            <effect type="fade" start="100" end="0" time="1200" delay="800"/>
        </animation>
    </include>
    <include name="Bingie_Trailer_Fullscreen_Overlay_Anim">
        <animation effect="fade" start="100" end="0" delay="0" time="3000">Visible</animation>
        <animation effect="fade" start="50" end="0" delay="0" time="1500">Hidden</animation>
    </include>

    <!-- Title Animations -->
    <include name="Bingie_TextTitle_Adjust_Genre_Anim">
        <animation type="Conditional" condition="$EXP[IsCategoryDBType] | [Container.Content(genres) | String.IsEqual(ListItem.DBTYPE,genre)]">
            <effect type="slide" start="0,0" end="0,170" time="0"/>
            <effect type="zoom" end="150" time="0"/>
        </animation>
    </include>
    <!-- Spotlight Transition on Down -->
    <include name="WidgetsDisplaySpotlightTransition">
        <animation effect="slide" start="0,250" end="0,0" time="300" reversible="false" condition="Control.IsVisible(1508) + String.IsEqual(Window(Home).Property(PrevWidgetPos),1) + String.IsEqual(Window(Home).Property(CurrentWidgetPos),2)">Conditional</animation>
        <animation effect="slide" start="0,-250" end="0,0" time="300" reversible="false" condition="Control.IsVisible(1508) + String.IsEqual(Window(Home).Property(PrevWidgetPos),1) + String.IsEqual(Window(Home).Property(CurrentWidgetPos),Container(77777).NumItems)">Conditional</animation>
    </include>
    <!-- Spotlight Transition on Up -->
    <include name="SpotlightDisplayWidgetsTransition">
        <animation effect="slide" end="0,-250" time="300" condition="String.IsEqual(Container(77777).CurrentItem,2)">Conditional</animation>
        <animation effect="slide" end="0,250" time="300" condition="Integer.IsGreater(Container(77777).NumItems,1) + String.IsEqual(Container(77777).CurrentItem,Container(77777).NumItems)">Conditional</animation>
    </include>

    <include name="widgets_animation">
        <animation condition="Skin.HasSetting(Widgets_Animation)" reversible="false" type="Visible">
            <effect center="960,540" delay="280" easing="in" end="100" start="98" time="180" tween="sine" type="zoom" />
            <effect delay="280" easing="in" end="0,0" start="0,40" time="180" tween="sine" type="slide" />
            <effect delay="280" easing="in" end="100" start="0" time="180" tween="sine" type="fade" />
        </animation>
        <animation time="300" effect="fade" start="0" end="100" reversible="true" easing="inout" condition="!Skin.HasSetting(Widgets_Animation)">Visible</animation>
    </include>

    <include name="animation_fade_visible_hidden">
        <!--Visible/Hidden Aniamtion-->
        <animation time="125" effect="fade" delay="0">Visible</animation>
        <animation time="125" effect="fade" delay="0">Hidden</animation>
        <animation type="WindowOpen" reversible="false">
            <effect type="fade" start="0" end="100" time="200"/>
        </animation>
        <animation type="WindowClose" reversible="false">
            <effect type="fade" start="100" end="0" time="200"/>
        </animation>
    </include>

    <include name="animation_fade_visible">
        <!--Visible/Hidden Aniamtion-->
        <animation time="250" effect="fade" delay="350">Visible</animation>
        <animation time="0" effect="fade" delay="0">Hidden</animation>
        <animation type="WindowOpen" reversible="false">
            <effect type="fade" start="0" end="100" time="200"/>
        </animation>
        <animation type="WindowClose" reversible="false">
            <effect type="fade" start="100" end="0" time="0"/>
        </animation>
    </include>

    <include name="animation_fade_visible_hidden_delayed">
        <!--Visible/Hidden Aniamtion-->
        <animation time="125" effect="fade" delay="0">Visible</animation>
        <animation time="125" effect="fade" delay="300">Hidden</animation>
    </include>

    <include name="animation_dialog_button">
        <!--Shutdown Menu Open/Close-->
        <animation type="WindowOpen">
            <effect type="slide" start="0,200" end="0,-490" tween="cubic" easing="inout" time="550" />
            <effect type="fade" start="0" end="100" tween="sine" easing="inout" time="400" />
        </animation>
        <animation type="WindowClose">
            <effect type="slide" start="0,-490" end="0,200" tween="cubic" easing="inout" time="550" />
            <effect type="fade" start="100" end="0" tween="sine" easing="out" time="350" />
        </animation>
    </include>
    <include name="animation_dialog_button_modern">
        <!--Shutdown Menu Open/Close-->
        <animation type="WindowOpen">
            <effect type="slide" start="0,110" end="0,0" tween="cubic" easing="inout" time="550" />
            <effect type="fade" start="0" end="100" tween="sine" easing="inout" time="400" />
        </animation>
        <animation type="WindowClose">
            <effect type="slide" start="0,0" end="0,110" tween="cubic" easing="inout" time="550" />
            <effect type="fade" start="100" end="0" tween="sine" easing="out" time="300" />
        </animation>
    </include>

    <include name="Bottom_OSD_Button_Zoom_Anim">
        <animation effect="zoom" start="100" end="145" center="auto">Focus</animation>
    </include>
    <include name="Top_OSD_Button_Zoom_Anim">
        <animation effect="zoom" start="100" end="130" center="auto">Focus</animation>
    </include>

    <!-- unfocused widget fade on bingie layout -->
    <include name="BingieUnfocusedWidgetFade">
        <animation effect="fade" start="100" end="55" time="100" condition="!Control.HasFocus($PARAM[widgetid]) + !Control.HasFocus(1508)">Conditional</animation>
    </include>

    <include name="BingieNoCircularWidgetHeaderAnim">
        <animation effect="slide" time="0" delay="0" start="0" end="70" condition="true">Conditional</animation>
    </include>

    <!-- hide on info-dialog transition / startup-mask -->
    <include name="HideWindowOnStartupAndDialogInfoLoad">
        <animation time="0" effect="fade" start="100" end="0" condition="System.HasAlarm(loadinfo) | System.HasAlarm(startup)">Conditional</animation>
    </include>

    <include name="No_Circular_Slide_Animation">
        <animation effect="slide" time="0" delay="0" start="0" end="bingie_no_circular_left_diff" condition="true">Conditional</animation>
    </include>

    <include name="animation_sub_menu">
        <!--Sub Menu Slide Animation-->
        <animation type="Conditional" condition="[ControlGroup(9001).HasFocus() + Window.IsActive(Home)] | ControlGroup(9000).HasFocus() | String.IsEqual(Window(Home).Property(ShowViewSubMenu),show) | Control.HasFocus(9000)">
            <effect type="slide" start="0" end="660" time="300" delay="0" tween="cubic" easing="inout" />
        </animation>
    </include>

    <include name="SettingsFadeEffect">
        <animation effect="fade" time="100" delay="200">Visible</animation>
        <animation effect="fade" time="50">Hidden</animation>
    </include>

    <include name="backgroundfade">
        <animation effect="fade" time="150">Visible</animation>
        <animation effect="fade" time="150">Hidden</animation>
    </include>

    <include name="Frame_Scrolling_Fade">
        <animation effect="fade" start="100" end="80" time="200" condition="Container.Scrolling | Container.OnScrollNext | Container.OnScrollPrevious">Conditional</animation>
    </include>

    <!-- default fade animation -->
    <include name="Default_Visible_Fade">
        <animation effect="fade" time="350">Visible</animation>
    </include>

    <include name="SearchSuggestionsAnim">
        <animation effect="slide" start="0" end="0,-490" time="450" tween="sine" easing="inout" condition="Control.HasFocus(1007) | Control.IsVisible(500)">Conditional</animation>
    </include>

    <include name="WidgetsBaseAnimation">
        <include condition="!Skin.HasSetting(Widgets_Animation)">WidgetsBaseAnimationDefault</include>
        <include condition="Skin.HasSetting(Widgets_Animation)">WidgetsBaseAnimationAlt</include>
    </include>

    <include name="WidgetsBaseAnimationDefault">
        <animation time="100" effect="fade" start="0" end="100" reversible="false" easing="inout">Visible</animation>
    </include>
    <include name="WidgetsBaseAnimationAlt">
        <animation condition="!ControlGroup(77777).HasFocus()" reversible="false" type="Visible">
            <effect center="960,540" delay="280" easing="in" end="100" start="98" time="180" tween="sine" type="zoom"/>
            <effect delay="280" easing="in" end="0,0" start="0,40" time="180" tween="sine" type="slide"/>
            <effect delay="280" easing="in" end="100" start="0" time="180" tween="sine" type="fade"/>
        </animation>
    </include>

    <!-- widget layout animations -->
    <include name="widget_layout_landscape_animation">
        <animation effect="slide" delay="0" start="0" end="0,100" time="200" condition="!String.IsEqual(Skin.AspectRatio,16:10) + String.Contains(Skin.String(HomeLayout),horizontal) + Skin.HasSetting(AutoShowWidgets) + [String.IsEmpty(Window(Home).Property(ShowWidget)) | Skin.HasSetting(HideWidgetDetailsPanel)]">Conditional</animation>
        <animation effect="slide" delay="0" start="0" end="0,220" time="200" condition="String.IsEqual(Skin.AspectRatio,16:10) + String.Contains(Skin.String(HomeLayout),horizontal) + Skin.HasSetting(AutoShowWidgets) + [String.IsEmpty(Window(Home).Property(ShowWidget)) | Skin.HasSetting(HideWidgetDetailsPanel)]">Conditional</animation>
        <animation effect="slide" delay="0" start="0" end="0,0" time="200" condition="String.Contains(Skin.String(HomeLayout),simplehor) + Skin.HasSetting(AutoShowWidgets) + [String.IsEmpty(Window(Home).Property(ShowWidget)) | Skin.HasSetting(HideWidgetDetailsPanel)]">Conditional</animation>
        <animation effect="slide" delay="0" start="0" end="0,-370" time="200" condition="[[[String.IsEqual(Skin.String(HomeLayout),1) | String.IsEqual(Skin.String(HomeLayout),1small)] + !Skin.HasSetting(LowerWidgets)] | [String.IsEqual(Skin.String(HomeLayout),2) | String.IsEqual(Skin.String(HomeLayout),2small)]] + Skin.HasSetting(AutoShowWidgets) + [String.IsEmpty(Window(Home).Property(ShowWidget)) | Skin.HasSetting(HideWidgetDetailsPanel)]">Conditional</animation>
        <animation effect="slide" delay="0" start="0" end="0,-130" time="200" condition="!String.IsEqual(Skin.AspectRatio,16:10) + [String.IsEqual(Skin.String(HomeLayout),1) | String.IsEqual(Skin.String(HomeLayout),1small)] + Skin.HasSetting(LowerWidgets) + Skin.HasSetting(AutoShowWidgets) + [String.IsEmpty(Window(Home).Property(ShowWidget)) | Skin.HasSetting(HideWidgetDetailsPanel)]">Conditional</animation>
        <animation effect="slide" delay="0" start="0" end="0,-10" time="200" condition="String.IsEqual(Skin.AspectRatio,16:10) + [String.IsEqual(Skin.String(HomeLayout),1) | String.IsEqual(Skin.String(HomeLayout),1small)] + Skin.HasSetting(LowerWidgets) + Skin.HasSetting(AutoShowWidgets) + [String.IsEmpty(Window(Home).Property(ShowWidget)) | Skin.HasSetting(HideWidgetDetailsPanel)]">Conditional</animation>

        <animation effect="slide" start="0" end="140" time="0" condition="Skin.HasSetting(WidgetAlignRight) + $EXP[IsVerticalLayout] + Skin.HasSetting(VerticalHomeLargeWidget) + !Integer.IsGreater(Container($PARAM[widgetid]).NumItems,3)">Conditional</animation>

        <animation effect="slide" start="0" end="366" time="0" condition="Skin.HasSetting(WidgetAlignRight) + !$EXP[IsVerticalLayout] + !Integer.IsGreater(Container($PARAM[widgetid]).NumItems,4)">Conditional</animation>
        <animation effect="slide" start="0" end="366" time="0" condition="Skin.HasSetting(WidgetAlignRight) + !$EXP[IsVerticalLayout] + !Integer.IsGreater(Container($PARAM[widgetid]).NumItems,3)">Conditional</animation>
        <animation effect="slide" start="0" end="366" time="0" condition="Skin.HasSetting(WidgetAlignRight) + !$EXP[IsVerticalLayout] + !Integer.IsGreater(Container($PARAM[widgetid]).NumItems,2)">Conditional</animation>
        <animation effect="slide" start="0" end="366" time="0" condition="Skin.HasSetting(WidgetAlignRight) + !$EXP[IsVerticalLayout] + !Integer.IsGreater(Container($PARAM[widgetid]).NumItems,1)">Conditional</animation>
        <animation effect="slide" start="0" end="326" time="0" condition="Skin.HasSetting(WidgetAlignRight) + $EXP[IsVerticalLayout] + !Integer.IsGreater(Container($PARAM[widgetid]).NumItems,3)">Conditional</animation>
        <animation effect="slide" start="0" end="326" time="0" condition="Skin.HasSetting(WidgetAlignRight) + $EXP[IsVerticalLayout] + !Integer.IsGreater(Container($PARAM[widgetid]).NumItems,2)">Conditional</animation>
        <animation effect="slide" start="0" end="326" time="0" condition="Skin.HasSetting(WidgetAlignRight) + $EXP[IsVerticalLayout] + !Integer.IsGreater(Container($PARAM[widgetid]).NumItems,1)">Conditional</animation>
    </include>

    <include name="widget_layout_landscapelarge_animation">
        <animation effect="slide" delay="0" start="0" end="0,40" time="200" condition="!String.IsEqual(Skin.AspectRatio,16:10) + String.Contains(Skin.String(HomeLayout),horizontal) + Skin.HasSetting(AutoShowWidgets) + [String.IsEmpty(Window(Home).Property(ShowWidget)) | Skin.HasSetting(HideWidgetDetailsPanel)]">Conditional</animation>
        <animation effect="slide" delay="0" start="0" end="0,160" time="200" condition="String.IsEqual(Skin.AspectRatio,16:10) + String.Contains(Skin.String(HomeLayout),horizontal) + Skin.HasSetting(AutoShowWidgets) + [String.IsEmpty(Window(Home).Property(ShowWidget)) | Skin.HasSetting(HideWidgetDetailsPanel)]">Conditional</animation>
        <animation effect="slide" delay="0" start="0" end="0,-60" time="200" condition="String.Contains(Skin.String(HomeLayout),simplehor) + Skin.HasSetting(AutoShowWidgets) + [String.IsEmpty(Window(Home).Property(ShowWidget)) | Skin.HasSetting(HideWidgetDetailsPanel)]">Conditional</animation>
        <animation effect="slide" delay="0" start="0" end="0,-370" time="200" condition="[[[String.IsEqual(Skin.String(HomeLayout),1) | String.IsEqual(Skin.String(HomeLayout),1small)] + !Skin.HasSetting(LowerWidgets)] | [String.IsEqual(Skin.String(HomeLayout),2) | String.IsEqual(Skin.String(HomeLayout),2small)]] + Skin.HasSetting(AutoShowWidgets) + [String.IsEmpty(Window(Home).Property(ShowWidget)) | Skin.HasSetting(HideWidgetDetailsPanel)]">Conditional</animation>
        <animation effect="slide" delay="0" start="0" end="0,-190" time="200" condition="!String.IsEqual(Skin.AspectRatio,16:10) + [String.IsEqual(Skin.String(HomeLayout),1) | String.IsEqual(Skin.String(HomeLayout),1small)] + Skin.HasSetting(LowerWidgets) + Skin.HasSetting(AutoShowWidgets) + [String.IsEmpty(Window(Home).Property(ShowWidget)) | Skin.HasSetting(HideWidgetDetailsPanel)]">Conditional</animation>
        <animation effect="slide" delay="0" start="0" end="0,-70" time="200" condition="String.IsEqual(Skin.AspectRatio,16:10) + [String.IsEqual(Skin.String(HomeLayout),1) | String.IsEqual(Skin.String(HomeLayout),1small)] + Skin.HasSetting(LowerWidgets) + Skin.HasSetting(AutoShowWidgets) + [String.IsEmpty(Window(Home).Property(ShowWidget)) | Skin.HasSetting(HideWidgetDetailsPanel)]">Conditional</animation>
    </include>

    <include name="widget_layout_landscapedetails_animation">
        <animation effect="slide" delay="0" start="0" end="0,100" time="0" condition="!String.IsEqual(Skin.AspectRatio,16:10) + String.Contains(Skin.String(HomeLayout),horizontal) + Skin.HasSetting(AutoShowWidgets) + [String.IsEmpty(Window(Home).Property(ShowWidget)) | Skin.HasSetting(HideWidgetDetailsPanel)]">Conditional</animation>
        <animation effect="slide" delay="0" start="0" end="0,220" time="0" condition="String.IsEqual(Skin.AspectRatio,16:10) + String.Contains(Skin.String(HomeLayout),horizontal) + Skin.HasSetting(AutoShowWidgets) + [String.IsEmpty(Window(Home).Property(ShowWidget)) | Skin.HasSetting(HideWidgetDetailsPanel)]">Conditional</animation>
        <animation effect="slide" delay="0" start="0" end="0,0" time="0" condition="String.Contains(Skin.String(HomeLayout),simplehor) + Skin.HasSetting(AutoShowWidgets) + [String.IsEmpty(Window(Home).Property(ShowWidget)) | Skin.HasSetting(HideWidgetDetailsPanel)]">Conditional</animation>
        <animation effect="slide" delay="0" start="0" end="0,-370" time="0" condition="[[[String.IsEqual(Skin.String(HomeLayout),1) | String.IsEqual(Skin.String(HomeLayout),1small)] + !Skin.HasSetting(LowerWidgets)] | [String.IsEqual(Skin.String(HomeLayout),2) | String.IsEqual(Skin.String(HomeLayout),2small)]] + Skin.HasSetting(AutoShowWidgets) + [String.IsEmpty(Window(Home).Property(ShowWidget)) | Skin.HasSetting(HideWidgetDetailsPanel)]">Conditional</animation>
        <animation effect="slide" delay="0" start="0" end="0,-130" time="0" condition="!String.IsEqual(Skin.AspectRatio,16:10) + [String.IsEqual(Skin.String(HomeLayout),1) | String.IsEqual(Skin.String(HomeLayout),1small)] + Skin.HasSetting(LowerWidgets) + Skin.HasSetting(AutoShowWidgets) + [String.IsEmpty(Window(Home).Property(ShowWidget)) | Skin.HasSetting(HideWidgetDetailsPanel)]">Conditional</animation>
        <animation effect="slide" delay="0" start="0" end="0,-10" time="0" condition="String.IsEqual(Skin.AspectRatio,16:10) + [String.IsEqual(Skin.String(HomeLayout),1) | String.IsEqual(Skin.String(HomeLayout),1small)] + Skin.HasSetting(LowerWidgets) + Skin.HasSetting(AutoShowWidgets) + [String.IsEmpty(Window(Home).Property(ShowWidget)) | Skin.HasSetting(HideWidgetDetailsPanel)]">Conditional</animation>
    </include>

    <include name="widget_layout_banner_animation">
        <animation effect="slide" delay="0" start="0" end="0,165" time="200" condition="!String.IsEqual(Skin.AspectRatio,16:10) + String.Contains(Skin.String(HomeLayout),horizontal) + Skin.HasSetting(AutoShowWidgets) + [String.IsEmpty(Window(Home).Property(ShowWidget)) | Skin.HasSetting(HideWidgetDetailsPanel)]">Conditional</animation>
        <animation effect="slide" delay="0" start="0" end="0,285" time="200" condition="String.IsEqual(Skin.AspectRatio,16:10) + String.Contains(Skin.String(HomeLayout),horizontal) + Skin.HasSetting(AutoShowWidgets) + [String.IsEmpty(Window(Home).Property(ShowWidget)) | Skin.HasSetting(HideWidgetDetailsPanel)]">Conditional</animation>
        <animation effect="slide" delay="0" start="0" end="0,64" time="200" condition="String.Contains(Skin.String(HomeLayout),simplehor) + Skin.HasSetting(AutoShowWidgets) + [String.IsEmpty(Window(Home).Property(ShowWidget)) | Skin.HasSetting(HideWidgetDetailsPanel)]">Conditional</animation>
        <animation effect="slide" delay="0" start="0" end="0,-370" time="200" condition="[[[String.IsEqual(Skin.String(HomeLayout),1) | String.IsEqual(Skin.String(HomeLayout),1small)] + !Skin.HasSetting(LowerWidgets)] | [String.IsEqual(Skin.String(HomeLayout),2) | String.IsEqual(Skin.String(HomeLayout),2small)]] + Skin.HasSetting(AutoShowWidgets) + [String.IsEmpty(Window(Home).Property(ShowWidget)) | Skin.HasSetting(HideWidgetDetailsPanel)]">Conditional</animation>
        <animation effect="slide" delay="0" start="0" end="0,-66" time="200" condition="!String.IsEqual(Skin.AspectRatio,16:10) + [String.IsEqual(Skin.String(HomeLayout),1) | String.IsEqual(Skin.String(HomeLayout),1small)] + Skin.HasSetting(LowerWidgets) + Skin.HasSetting(AutoShowWidgets) + [String.IsEmpty(Window(Home).Property(ShowWidget)) | Skin.HasSetting(HideWidgetDetailsPanel)]">Conditional</animation>
        <animation effect="slide" delay="0" start="0" end="0,54" time="200" condition="String.IsEqual(Skin.AspectRatio,16:10) + [String.IsEqual(Skin.String(HomeLayout),1) | String.IsEqual(Skin.String(HomeLayout),1small)] + Skin.HasSetting(LowerWidgets) + Skin.HasSetting(AutoShowWidgets) + [String.IsEmpty(Window(Home).Property(ShowWidget)) | Skin.HasSetting(HideWidgetDetailsPanel)]">Conditional</animation>
    </include>

    <include name="widget_layout_landscapesmall_animation">
        <animation effect="slide" delay="0" start="0" end="0,162" time="200" condition="!String.IsEqual(Skin.AspectRatio,16:10) + String.Contains(Skin.String(HomeLayout),horizontal) + Skin.HasSetting(AutoShowWidgets) + [String.IsEmpty(Window(Home).Property(ShowWidget)) | Skin.HasSetting(HideWidgetDetailsPanel)]">Conditional</animation>
        <animation effect="slide" delay="0" start="0" end="0,282" time="200" condition="String.IsEqual(Skin.AspectRatio,16:10) + String.Contains(Skin.String(HomeLayout),horizontal) + Skin.HasSetting(AutoShowWidgets) + [String.IsEmpty(Window(Home).Property(ShowWidget)) | Skin.HasSetting(HideWidgetDetailsPanel)]">Conditional</animation>
        <animation effect="slide" delay="0" start="0" end="0,62" time="200" condition="String.Contains(Skin.String(HomeLayout),simplehor) + Skin.HasSetting(AutoShowWidgets) + [String.IsEmpty(Window(Home).Property(ShowWidget)) | Skin.HasSetting(HideWidgetDetailsPanel)]">Conditional</animation>
        <animation effect="slide" delay="0" start="0" end="0,-370" time="200" condition="[[[String.IsEqual(Skin.String(HomeLayout),1) | String.IsEqual(Skin.String(HomeLayout),1small)] + !Skin.HasSetting(LowerWidgets)] | [String.IsEqual(Skin.String(HomeLayout),2) | String.IsEqual(Skin.String(HomeLayout),2small)]] + Skin.HasSetting(AutoShowWidgets) + [String.IsEmpty(Window(Home).Property(ShowWidget)) | Skin.HasSetting(HideWidgetDetailsPanel)]">Conditional</animation>
        <animation effect="slide" delay="0" start="0" end="0,-68" time="200" condition="!String.IsEqual(Skin.AspectRatio,16:10) + [String.IsEqual(Skin.String(HomeLayout),1) | String.IsEqual(Skin.String(HomeLayout),1small)] + Skin.HasSetting(LowerWidgets) + Skin.HasSetting(AutoShowWidgets) + [String.IsEmpty(Window(Home).Property(ShowWidget)) | Skin.HasSetting(HideWidgetDetailsPanel)]">Conditional</animation>
        <animation effect="slide" delay="0" start="0" end="0,52" time="200" condition="String.IsEqual(Skin.AspectRatio,16:10) + [String.IsEqual(Skin.String(HomeLayout),1) | String.IsEqual(Skin.String(HomeLayout),1small)] + Skin.HasSetting(LowerWidgets) + Skin.HasSetting(AutoShowWidgets) + [String.IsEmpty(Window(Home).Property(ShowWidget)) | Skin.HasSetting(HideWidgetDetailsPanel)]">Conditional</animation>

        <animation effect="slide" start="0" end="140" time="0" condition="Skin.HasSetting(WidgetAlignRight) + $EXP[IsVerticalLayout] + Skin.HasSetting(VerticalHomeLargeWidget) + !Integer.IsGreater(Container($PARAM[widgetid]).NumItems,4)">Conditional</animation>

        <animation effect="slide" start="0" end="262" time="0" condition="Skin.HasSetting(WidgetAlignRight) + !$EXP[IsVerticalLayout] + !Integer.IsGreater(Container($PARAM[widgetid]).NumItems,6)">Conditional</animation>
        <animation effect="slide" start="0" end="262" time="0" condition="Skin.HasSetting(WidgetAlignRight) + !$EXP[IsVerticalLayout] + !Integer.IsGreater(Container($PARAM[widgetid]).NumItems,5)">Conditional</animation>
        <animation effect="slide" start="0" end="262" time="0" condition="Skin.HasSetting(WidgetAlignRight) + !$EXP[IsVerticalLayout] + !Integer.IsGreater(Container($PARAM[widgetid]).NumItems,4)">Conditional</animation>
        <animation effect="slide" start="0" end="262" time="0" condition="Skin.HasSetting(WidgetAlignRight) + !$EXP[IsVerticalLayout] + !Integer.IsGreater(Container($PARAM[widgetid]).NumItems,3)">Conditional</animation>
        <animation effect="slide" start="0" end="262" time="0" condition="Skin.HasSetting(WidgetAlignRight) + !$EXP[IsVerticalLayout] + !Integer.IsGreater(Container($PARAM[widgetid]).NumItems,2)">Conditional</animation>
        <animation effect="slide" start="0" end="262" time="0" condition="Skin.HasSetting(WidgetAlignRight) + !$EXP[IsVerticalLayout] + !Integer.IsGreater(Container($PARAM[widgetid]).NumItems,1)">Conditional</animation>

        <animation effect="slide" start="0" end="260" time="0" condition="Skin.HasSetting(WidgetAlignRight) + $EXP[IsVerticalLayout] + !Integer.IsGreater(Container($PARAM[widgetid]).NumItems,4)">Conditional</animation>
        <animation effect="slide" start="0" end="260" time="0" condition="Skin.HasSetting(WidgetAlignRight) + $EXP[IsVerticalLayout] + !Integer.IsGreater(Container($PARAM[widgetid]).NumItems,3)">Conditional</animation>
        <animation effect="slide" start="0" end="260" time="0" condition="Skin.HasSetting(WidgetAlignRight) + $EXP[IsVerticalLayout] + !Integer.IsGreater(Container($PARAM[widgetid]).NumItems,2)">Conditional</animation>
        <animation effect="slide" start="0" end="260" time="0" condition="Skin.HasSetting(WidgetAlignRight) + $EXP[IsVerticalLayout] + !Integer.IsGreater(Container($PARAM[widgetid]).NumItems,1)">Conditional</animation>
    </include>

    <include name="widget_layout_singlebox_animation">
        <animation effect="slide" delay="0" start="0" end="0,-30" time="0" condition="!String.IsEqual(Skin.AspectRatio,16:10) + String.Contains(Skin.String(HomeLayout),horizontal) + Skin.HasSetting(AutoShowWidgets) + [String.IsEmpty(Window(Home).Property(ShowWidget)) | Skin.HasSetting(HideWidgetDetailsPanel)]">Conditional</animation>
        <animation effect="slide" delay="0" start="0" end="0,90" time="0" condition="String.IsEqual(Skin.AspectRatio,16:10) + String.Contains(Skin.String(HomeLayout),horizontal) + Skin.HasSetting(AutoShowWidgets) + [String.IsEmpty(Window(Home).Property(ShowWidget)) | Skin.HasSetting(HideWidgetDetailsPanel)]">Conditional</animation>
        <animation effect="slide" delay="0" start="0" end="0,-130" time="0" condition="String.Contains(Skin.String(HomeLayout),simplehor) + Skin.HasSetting(AutoShowWidgets) + [String.IsEmpty(Window(Home).Property(ShowWidget)) | Skin.HasSetting(HideWidgetDetailsPanel)]">Conditional</animation>
        <animation effect="slide" delay="0" start="0" end="0,-370" time="0" condition="[[[String.IsEqual(Skin.String(HomeLayout),1) | String.IsEqual(Skin.String(HomeLayout),1small)] + !Skin.HasSetting(LowerWidgets)] | [String.IsEqual(Skin.String(HomeLayout),2) | String.IsEqual(Skin.String(HomeLayout),2small)]] + Skin.HasSetting(AutoShowWidgets) + [String.IsEmpty(Window(Home).Property(ShowWidget)) | Skin.HasSetting(HideWidgetDetailsPanel)]">Conditional</animation>
        <animation effect="slide" delay="0" start="0" end="0,-260" time="0" condition="!String.IsEqual(Skin.AspectRatio,16:10) + [String.IsEqual(Skin.String(HomeLayout),1) | String.IsEqual(Skin.String(HomeLayout),1small)] + Skin.HasSetting(LowerWidgets) + Skin.HasSetting(AutoShowWidgets) + [String.IsEmpty(Window(Home).Property(ShowWidget)) | Skin.HasSetting(HideWidgetDetailsPanel)]">Conditional</animation>
        <animation effect="slide" delay="0" start="0" end="0,-140" time="0" condition="String.IsEqual(Skin.AspectRatio,16:10) + [String.IsEqual(Skin.String(HomeLayout),1) | String.IsEqual(Skin.String(HomeLayout),1small)] + Skin.HasSetting(LowerWidgets) + Skin.HasSetting(AutoShowWidgets) + [String.IsEmpty(Window(Home).Property(ShowWidget)) | Skin.HasSetting(HideWidgetDetailsPanel)]">Conditional</animation>
    </include>

    <include name="widget_layout_widebox_animation">
        <animation effect="slide" delay="0" start="0" end="0,55" time="0" condition="!String.IsEqual(Skin.AspectRatio,16:10) + String.Contains(Skin.String(HomeLayout),horizontal) + Skin.HasSetting(AutoShowWidgets) + [String.IsEmpty(Window(Home).Property(ShowWidget)) | Skin.HasSetting(HideWidgetDetailsPanel)]">Conditional</animation>
        <animation effect="slide" delay="0" start="0" end="0,175" time="0" condition="String.IsEqual(Skin.AspectRatio,16:10) + String.Contains(Skin.String(HomeLayout),horizontal) + Skin.HasSetting(AutoShowWidgets) + [String.IsEmpty(Window(Home).Property(ShowWidget)) | Skin.HasSetting(HideWidgetDetailsPanel)]">Conditional</animation>
        <animation effect="slide" delay="0" start="0" end="0,-45" time="0" condition="String.Contains(Skin.String(HomeLayout),simplehor) + Skin.HasSetting(AutoShowWidgets) + [String.IsEmpty(Window(Home).Property(ShowWidget)) | Skin.HasSetting(HideWidgetDetailsPanel)]">Conditional</animation>
        <animation effect="slide" delay="0" start="0" end="0,-370" time="0" condition="[[[String.IsEqual(Skin.String(HomeLayout),1) | String.IsEqual(Skin.String(HomeLayout),1small)] + !Skin.HasSetting(LowerWidgets)] | [String.IsEqual(Skin.String(HomeLayout),2) | String.IsEqual(Skin.String(HomeLayout),2small)]] + Skin.HasSetting(AutoShowWidgets) + [String.IsEmpty(Window(Home).Property(ShowWidget)) | Skin.HasSetting(HideWidgetDetailsPanel)]">Conditional</animation>
        <animation effect="slide" delay="0" start="0" end="0,-175" time="0" condition="!String.IsEqual(Skin.AspectRatio,16:10) + [String.IsEqual(Skin.String(HomeLayout),1) | String.IsEqual(Skin.String(HomeLayout),1small)] + Skin.HasSetting(LowerWidgets) + Skin.HasSetting(AutoShowWidgets) + [String.IsEmpty(Window(Home).Property(ShowWidget)) | Skin.HasSetting(HideWidgetDetailsPanel)]">Conditional</animation>
        <animation effect="slide" delay="0" start="0" end="0,-55" time="0" condition="String.IsEqual(Skin.AspectRatio,16:10) + [String.IsEqual(Skin.String(HomeLayout),1) | String.IsEqual(Skin.String(HomeLayout),1small)] + Skin.HasSetting(LowerWidgets) + Skin.HasSetting(AutoShowWidgets) + [String.IsEmpty(Window(Home).Property(ShowWidget)) | Skin.HasSetting(HideWidgetDetailsPanel)]">Conditional</animation>
    </include>

    <include name="widget_layout_poster_animation">
        <animation effect="slide" delay="0" start="0" end="0,-70" time="200" condition="!String.IsEqual(Skin.AspectRatio,16:10) + String.Contains(Skin.String(HomeLayout),horizontal) + Skin.HasSetting(AutoShowWidgets) + [String.IsEmpty(Window(Home).Property(ShowWidget)) | Skin.HasSetting(HideWidgetDetailsPanel)]">Conditional</animation>
        <animation effect="slide" delay="0" start="0" end="0,50" time="200" condition="String.IsEqual(Skin.AspectRatio,16:10) + String.Contains(Skin.String(HomeLayout),horizontal) + Skin.HasSetting(AutoShowWidgets) + [String.IsEmpty(Window(Home).Property(ShowWidget)) | Skin.HasSetting(HideWidgetDetailsPanel)]">Conditional</animation>
        <animation effect="slide" delay="0" start="0" end="0,-170" time="200" condition="String.Contains(Skin.String(HomeLayout),simplehor) + Skin.HasSetting(AutoShowWidgets) + [String.IsEmpty(Window(Home).Property(ShowWidget)) | Skin.HasSetting(HideWidgetDetailsPanel)]">Conditional</animation>
        <animation effect="slide" delay="0" start="0" end="0,-410" time="200" condition="[[[String.IsEqual(Skin.String(HomeLayout),1) | String.IsEqual(Skin.String(HomeLayout),1small)] + !Skin.HasSetting(LowerWidgets)] | [String.IsEqual(Skin.String(HomeLayout),2) | String.IsEqual(Skin.String(HomeLayout),2small)]] + Skin.HasSetting(AutoShowWidgets) + [String.IsEmpty(Window(Home).Property(ShowWidget)) | Skin.HasSetting(HideWidgetDetailsPanel)]">Conditional</animation>
        <animation effect="slide" delay="0" start="0" end="0,-300" time="200" condition="!String.IsEqual(Skin.AspectRatio,16:10) + [String.IsEqual(Skin.String(HomeLayout),1) | String.IsEqual(Skin.String(HomeLayout),1small)] + Skin.HasSetting(LowerWidgets) + Skin.HasSetting(AutoShowWidgets) + [String.IsEmpty(Window(Home).Property(ShowWidget)) | Skin.HasSetting(HideWidgetDetailsPanel)]">Conditional</animation>
        <animation effect="slide" delay="0" start="0" end="0,-180" time="200" condition="String.IsEqual(Skin.AspectRatio,16:10) + [String.IsEqual(Skin.String(HomeLayout),1) | String.IsEqual(Skin.String(HomeLayout),1small)] + Skin.HasSetting(LowerWidgets) + Skin.HasSetting(AutoShowWidgets) + [String.IsEmpty(Window(Home).Property(ShowWidget)) | Skin.HasSetting(HideWidgetDetailsPanel)]">Conditional</animation>

        <animation effect="slide" start="0" end="140" time="0" condition="Skin.HasSetting(WidgetAlignRight) + $EXP[IsVerticalLayout] + Skin.HasSetting(VerticalHomeLargeWidget) + !Integer.IsGreater(Container($PARAM[widgetid]).NumItems,4)">Conditional</animation>
        <animation effect="slide" start="0" end="261" time="0" condition="Skin.HasSetting(WidgetAlignRight) + !Integer.IsGreater(Container($PARAM[widgetid]).NumItems,6) + !$EXP[IsVerticalLayout]">Conditional</animation>
        <animation effect="slide" start="0" end="261" time="0" condition="Skin.HasSetting(WidgetAlignRight) + !Integer.IsGreater(Container($PARAM[widgetid]).NumItems,5) + !$EXP[IsVerticalLayout]">Conditional</animation>
        <animation effect="slide" start="0" end="261" time="0" condition="Skin.HasSetting(WidgetAlignRight) + !Integer.IsGreater(Container($PARAM[widgetid]).NumItems,4)">Conditional</animation>
        <animation effect="slide" start="0" end="261" time="0" condition="Skin.HasSetting(WidgetAlignRight) + !Integer.IsGreater(Container($PARAM[widgetid]).NumItems,3)">Conditional</animation>
        <animation effect="slide" start="0" end="261" time="0" condition="Skin.HasSetting(WidgetAlignRight) + !Integer.IsGreater(Container($PARAM[widgetid]).NumItems,2)">Conditional</animation>
        <animation effect="slide" start="0" end="261" time="0" condition="Skin.HasSetting(WidgetAlignRight) + !Integer.IsGreater(Container($PARAM[widgetid]).NumItems,1)">Conditional</animation>
    </include>

    <include name="widget_layout_posterdetails_animation">
        <animation effect="slide" delay="0" start="0" end="0,-70" time="200" condition="!String.IsEqual(Skin.AspectRatio,16:10) + String.Contains(Skin.String(HomeLayout),horizontal) + Skin.HasSetting(AutoShowWidgets) + [String.IsEmpty(Window(Home).Property(ShowWidget)) | Skin.HasSetting(HideWidgetDetailsPanel)]">Conditional</animation>
        <animation effect="slide" delay="0" start="0" end="0,50" time="200" condition="String.IsEqual(Skin.AspectRatio,16:10) + String.Contains(Skin.String(HomeLayout),horizontal) + Skin.HasSetting(AutoShowWidgets) + [String.IsEmpty(Window(Home).Property(ShowWidget)) | Skin.HasSetting(HideWidgetDetailsPanel)]">Conditional</animation>
        <animation effect="slide" delay="0" start="0" end="0,-170" time="200" condition="String.Contains(Skin.String(HomeLayout),simplehor) + Skin.HasSetting(AutoShowWidgets) + [String.IsEmpty(Window(Home).Property(ShowWidget)) | Skin.HasSetting(HideWidgetDetailsPanel)]">Conditional</animation>
        <animation effect="slide" delay="0" start="0" end="0,-370" time="200" condition="[[[String.IsEqual(Skin.String(HomeLayout),1) | String.IsEqual(Skin.String(HomeLayout),1small)] + !Skin.HasSetting(LowerWidgets)] | [String.IsEqual(Skin.String(HomeLayout),2) | String.IsEqual(Skin.String(HomeLayout),2small)]] + Skin.HasSetting(AutoShowWidgets) + [String.IsEmpty(Window(Home).Property(ShowWidget)) | Skin.HasSetting(HideWidgetDetailsPanel)]">Conditional</animation>
        <animation effect="slide" delay="0" start="0" end="0,-300" time="200" condition="!String.IsEqual(Skin.AspectRatio,16:10) + [String.IsEqual(Skin.String(HomeLayout),1) | String.IsEqual(Skin.String(HomeLayout),1small)] + Skin.HasSetting(LowerWidgets) + Skin.HasSetting(AutoShowWidgets) + [String.IsEmpty(Window(Home).Property(ShowWidget)) | Skin.HasSetting(HideWidgetDetailsPanel)]">Conditional</animation>
        <animation effect="slide" delay="0" start="0" end="0,-180" time="200" condition="String.IsEqual(Skin.AspectRatio,16:10) + [String.IsEqual(Skin.String(HomeLayout),1) | String.IsEqual(Skin.String(HomeLayout),1small)] + Skin.HasSetting(LowerWidgets) + Skin.HasSetting(AutoShowWidgets) + [String.IsEmpty(Window(Home).Property(ShowWidget)) | Skin.HasSetting(HideWidgetDetailsPanel)]">Conditional</animation>
    </include>

    <include name="widget_layout_smallposter_animation">
        <animation effect="slide" delay="0" start="0" end="0,57" time="200" condition="!String.IsEqual(Skin.AspectRatio,16:10) + String.Contains(Skin.String(HomeLayout),horizontal) + Skin.HasSetting(AutoShowWidgets) + [String.IsEmpty(Window(Home).Property(ShowWidget)) | Skin.HasSetting(HideWidgetDetailsPanel)]">Conditional</animation>
        <animation effect="slide" delay="0" start="0" end="0,177" time="200" condition="String.IsEqual(Skin.AspectRatio,16:10) + String.Contains(Skin.String(HomeLayout),horizontal) + Skin.HasSetting(AutoShowWidgets) + [String.IsEmpty(Window(Home).Property(ShowWidget)) | Skin.HasSetting(HideWidgetDetailsPanel)]">Conditional</animation>
        <animation effect="slide" delay="0" start="0" end="0,-43" time="200" condition="String.Contains(Skin.String(HomeLayout),simplehor) + Skin.HasSetting(AutoShowWidgets) + [String.IsEmpty(Window(Home).Property(ShowWidget)) | Skin.HasSetting(HideWidgetDetailsPanel)]">Conditional</animation>
        <animation effect="slide" delay="0" start="0" end="0,-370" time="200" condition="[[[String.IsEqual(Skin.String(HomeLayout),1) | String.IsEqual(Skin.String(HomeLayout),1small)] + !Skin.HasSetting(LowerWidgets)] | [String.IsEqual(Skin.String(HomeLayout),2) | String.IsEqual(Skin.String(HomeLayout),2small)]] + Skin.HasSetting(AutoShowWidgets) + [String.IsEmpty(Window(Home).Property(ShowWidget)) | Skin.HasSetting(HideWidgetDetailsPanel)]">Conditional</animation>
        <animation effect="slide" delay="0" start="0" end="0,-173" time="200" condition="!String.IsEqual(Skin.AspectRatio,16:10) + [String.IsEqual(Skin.String(HomeLayout),1) | String.IsEqual(Skin.String(HomeLayout),1small)] + Skin.HasSetting(LowerWidgets) + Skin.HasSetting(AutoShowWidgets) + [String.IsEmpty(Window(Home).Property(ShowWidget)) | Skin.HasSetting(HideWidgetDetailsPanel)]">Conditional</animation>
        <animation effect="slide" delay="0" start="0" end="0,-53" time="200" condition="String.IsEqual(Skin.AspectRatio,16:10) + [String.IsEqual(Skin.String(HomeLayout),1) | String.IsEqual(Skin.String(HomeLayout),1small)] + Skin.HasSetting(LowerWidgets) + Skin.HasSetting(AutoShowWidgets) + [String.IsEmpty(Window(Home).Property(ShowWidget)) | Skin.HasSetting(HideWidgetDetailsPanel)]">Conditional</animation>
    </include>

    <include name="widget_layout_square_animation">
        <animation effect="slide" delay="0" start="0" end="0,65" time="200" condition="!String.IsEqual(Skin.AspectRatio,16:10) + String.Contains(Skin.String(HomeLayout),horizontal) + Skin.HasSetting(AutoShowWidgets) + [String.IsEmpty(Window(Home).Property(ShowWidget)) | Skin.HasSetting(HideWidgetDetailsPanel)]">Conditional</animation>
        <animation effect="slide" delay="0" start="0" end="0,185" time="200" condition="String.IsEqual(Skin.AspectRatio,16:10) + String.Contains(Skin.String(HomeLayout),horizontal) + Skin.HasSetting(AutoShowWidgets) + [String.IsEmpty(Window(Home).Property(ShowWidget)) | Skin.HasSetting(HideWidgetDetailsPanel)]">Conditional</animation>
        <animation effect="slide" delay="0" start="0" end="0,-35" time="200" condition="String.Contains(Skin.String(HomeLayout),simplehor) + Skin.HasSetting(AutoShowWidgets) + [String.IsEmpty(Window(Home).Property(ShowWidget)) | Skin.HasSetting(HideWidgetDetailsPanel)]">Conditional</animation>
        <animation effect="slide" delay="0" start="0" end="0,-370" time="200" condition="[[[String.IsEqual(Skin.String(HomeLayout),1) | String.IsEqual(Skin.String(HomeLayout),1small)] + !Skin.HasSetting(LowerWidgets)] | [String.IsEqual(Skin.String(HomeLayout),2) | String.IsEqual(Skin.String(HomeLayout),2small)]] + Skin.HasSetting(AutoShowWidgets) + [String.IsEmpty(Window(Home).Property(ShowWidget)) | Skin.HasSetting(HideWidgetDetailsPanel)]">Conditional</animation>
        <animation effect="slide" delay="0" start="0" end="0,-165" time="200" condition="!String.IsEqual(Skin.AspectRatio,16:10) + [String.IsEqual(Skin.String(HomeLayout),1) | String.IsEqual(Skin.String(HomeLayout),1small)] + Skin.HasSetting(LowerWidgets) + Skin.HasSetting(AutoShowWidgets) + [String.IsEmpty(Window(Home).Property(ShowWidget)) | Skin.HasSetting(HideWidgetDetailsPanel)]">Conditional</animation>
        <animation effect="slide" delay="0" start="0" end="0,-45" time="200" condition="String.IsEqual(Skin.AspectRatio,16:10) + [String.IsEqual(Skin.String(HomeLayout),1) | String.IsEqual(Skin.String(HomeLayout),1small)] + Skin.HasSetting(LowerWidgets) + Skin.HasSetting(AutoShowWidgets) + [String.IsEmpty(Window(Home).Property(ShowWidget)) | Skin.HasSetting(HideWidgetDetailsPanel)]">Conditional</animation>

        <animation effect="slide" start="0" end="140" time="0" condition="Skin.HasSetting(WidgetAlignRight) + $EXP[IsVerticalLayout] + Skin.HasSetting(VerticalHomeLargeWidget) + !Integer.IsGreater(Container($PARAM[widgetid]).NumItems,4)">Conditional</animation>
        <animation effect="slide" start="0" end="262" time="0" condition="Skin.HasSetting(WidgetAlignRight) + !Integer.IsGreater(Container($PARAM[widgetid]).NumItems,6) + !$EXP[IsVerticalLayout]">Conditional</animation>
        <animation effect="slide" start="0" end="262" time="0" condition="Skin.HasSetting(WidgetAlignRight) + !Integer.IsGreater(Container($PARAM[widgetid]).NumItems,5) + !$EXP[IsVerticalLayout]">Conditional</animation>
        <animation effect="slide" start="0" end="262" time="0" condition="Skin.HasSetting(WidgetAlignRight) +  !Integer.IsGreater(Container($PARAM[widgetid]).NumItems,4)">Conditional</animation>
        <animation effect="slide" start="0" end="262" time="0" condition="Skin.HasSetting(WidgetAlignRight) + !Integer.IsGreater(Container($PARAM[widgetid]).NumItems,3)">Conditional</animation>
        <animation effect="slide" start="0" end="262" time="0" condition="Skin.HasSetting(WidgetAlignRight) + !Integer.IsGreater(Container($PARAM[widgetid]).NumItems,2)">Conditional</animation>
        <animation effect="slide" start="0" end="262" time="0" condition="Skin.HasSetting(WidgetAlignRight) + !Integer.IsGreater(Container($PARAM[widgetid]).NumItems,1)">Conditional</animation>
    </include>

    <include name="widget_layout_minisquare_animation">
        <animation effect="slide" delay="0" start="0" end="0,180" time="200" condition="!String.IsEqual(Skin.AspectRatio,16:10) + String.Contains(Skin.String(HomeLayout),horizontal) + Skin.HasSetting(AutoShowWidgets) + [String.IsEmpty(Window(Home).Property(ShowWidget)) | Skin.HasSetting(HideWidgetDetailsPanel)]">Conditional</animation>
        <animation effect="slide" delay="0" start="0" end="0,300" time="200" condition="String.IsEqual(Skin.AspectRatio,16:10) + String.Contains(Skin.String(HomeLayout),horizontal) + Skin.HasSetting(AutoShowWidgets) + [String.IsEmpty(Window(Home).Property(ShowWidget)) | Skin.HasSetting(HideWidgetDetailsPanel)]">Conditional</animation>
        <animation effect="slide" delay="0" start="0" end="0,79" time="200" condition="String.Contains(Skin.String(HomeLayout),simplehor) + Skin.HasSetting(AutoShowWidgets) + [String.IsEmpty(Window(Home).Property(ShowWidget)) | Skin.HasSetting(HideWidgetDetailsPanel)]">Conditional</animation>
        <animation effect="slide" delay="0" start="0" end="0,-370" time="200" condition="[[[String.IsEqual(Skin.String(HomeLayout),1) | String.IsEqual(Skin.String(HomeLayout),1small)] + !Skin.HasSetting(LowerWidgets)] | [String.IsEqual(Skin.String(HomeLayout),2) | String.IsEqual(Skin.String(HomeLayout),2small)]] + Skin.HasSetting(AutoShowWidgets) + [String.IsEmpty(Window(Home).Property(ShowWidget)) | Skin.HasSetting(HideWidgetDetailsPanel)]">Conditional</animation>
        <animation effect="slide" delay="0" start="0" end="0,-51" time="200" condition="!String.IsEqual(Skin.AspectRatio,16:10) + [String.IsEqual(Skin.String(HomeLayout),1) | String.IsEqual(Skin.String(HomeLayout),1small)] + Skin.HasSetting(LowerWidgets) + Skin.HasSetting(AutoShowWidgets) + [String.IsEmpty(Window(Home).Property(ShowWidget)) | Skin.HasSetting(HideWidgetDetailsPanel)]">Conditional</animation>
        <animation effect="slide" delay="0" start="0" end="0,69" time="200" condition="String.IsEqual(Skin.AspectRatio,16:10) + [String.IsEqual(Skin.String(HomeLayout),1) | String.IsEqual(Skin.String(HomeLayout),1small)] + Skin.HasSetting(LowerWidgets) + Skin.HasSetting(AutoShowWidgets) + [String.IsEmpty(Window(Home).Property(ShowWidget)) | Skin.HasSetting(HideWidgetDetailsPanel)]">Conditional</animation>

        <animation effect="slide" start="0" end="130" time="0" condition="Skin.HasSetting(WidgetAlignRight) + !Integer.IsGreater(Container($PARAM[widgetid]).NumItems,13) + !$EXP[IsVerticalLayout]">Conditional</animation>
        <animation effect="slide" start="0" end="130" time="0" condition="Skin.HasSetting(WidgetAlignRight) + !Integer.IsGreater(Container($PARAM[widgetid]).NumItems,12) + !$EXP[IsVerticalLayout]">Conditional</animation>
        <animation effect="slide" start="0" end="130" time="0" condition="Skin.HasSetting(WidgetAlignRight) + !Integer.IsGreater(Container($PARAM[widgetid]).NumItems,11) + !$EXP[IsVerticalLayout]">Conditional</animation>
        <animation effect="slide" start="0" end="130" time="0" condition="Skin.HasSetting(WidgetAlignRight) + !Integer.IsGreater(Container($PARAM[widgetid]).NumItems,10) + !$EXP[IsVerticalLayout]">Conditional</animation>
        <animation effect="slide" start="0" end="130" time="0" condition="Skin.HasSetting(WidgetAlignRight) + !Integer.IsGreater(Container($PARAM[widgetid]).NumItems,9)">Conditional</animation>
        <animation effect="slide" start="0" end="130" time="0" condition="Skin.HasSetting(WidgetAlignRight) + !Integer.IsGreater(Container($PARAM[widgetid]).NumItems,8)">Conditional</animation>
        <animation effect="slide" start="0" end="130" time="0" condition="Skin.HasSetting(WidgetAlignRight) + !Integer.IsGreater(Container($PARAM[widgetid]).NumItems,7)">Conditional</animation>
        <animation effect="slide" start="0" end="130" time="0" condition="Skin.HasSetting(WidgetAlignRight) + !Integer.IsGreater(Container($PARAM[widgetid]).NumItems,6)">Conditional</animation>
        <animation effect="slide" start="0" end="130" time="0" condition="Skin.HasSetting(WidgetAlignRight) + !Integer.IsGreater(Container($PARAM[widgetid]).NumItems,5)">Conditional</animation>
        <animation effect="slide" start="0" end="130" time="0" condition="Skin.HasSetting(WidgetAlignRight) + !Integer.IsGreater(Container($PARAM[widgetid]).NumItems,4)">Conditional</animation>
        <animation effect="slide" start="0" end="130" time="0" condition="Skin.HasSetting(WidgetAlignRight) + !Integer.IsGreater(Container($PARAM[widgetid]).NumItems,3)">Conditional</animation>
        <animation effect="slide" start="0" end="130" time="0" condition="Skin.HasSetting(WidgetAlignRight) + !Integer.IsGreater(Container($PARAM[widgetid]).NumItems,2)">Conditional</animation>
        <animation effect="slide" start="0" end="130" time="0" condition="Skin.HasSetting(WidgetAlignRight) + !Integer.IsGreater(Container($PARAM[widgetid]).NumItems,1)">Conditional</animation>
    </include>

    <include name="snow">
        <control type="group">
            <visible>Skin.HasSetting(enablesnow)</visible>
            <control type="group">
                <posx>-100</posx>
                <animation effect="rotate" end="20" time="9000" delay="300" condition="true">Conditional</animation>
                <control type="image">
                    <posx>40</posx>
                    <posy>-180</posy>
                    <width>40</width>
                    <height>40</height>
                    <texture>special://skin/extras/media/snow/snow.png</texture>
                    <aspectratio scalediffuse="false">keep</aspectratio>
                    <animation effect="slide" start="0,0" end="0,820" time="11000" delay="1600" reversible="false" loop="true" condition="true">Conditional</animation>
                    <animation effect="slide" start="40,0" end="-40,0" time="5300" delay="300" reversible="false" condition="true">Conditional</animation>
                    <colordiffuse>C2FFFFFF</colordiffuse>
                </control>
                <control type="image">
                    <posx>100</posx>
                    <posy>-100</posy>
                    <width>32</width>
                    <height>32</height>
                    <texture>special://skin/extras/media/snow/snow1.png</texture>
                    <aspectratio scalediffuse="false">keep</aspectratio>
                    <animation effect="slide" start="0,0" end="0,1020" time="8000" delay="0" reversible="false" loop="true" condition="true">Conditional</animation>
                    <animation effect="slide" start="40,0" end="-20,0" time="3200" delay="300" reversible="false" condition="true">Conditional</animation>
                </control>
                <control type="image">
                    <posx>1000</posx>
                    <posy>-0</posy>
                    <width>30</width>
                    <height>30</height>
                    <texture>special://skin/extras/media/snow/snow2.png</texture>
                    <aspectratio scalediffuse="false">keep</aspectratio>
                    <animation effect="slide" start="0,0" end="0,1020" time="8000" delay="0" reversible="false" loop="true" condition="true">Conditional</animation>
                    <animation effect="slide" start="40,0" end="-20,0" time="3200" delay="300" reversible="false" condition="true">Conditional</animation>
                </control>
                <control type="image">
                    <posx>200</posx>
                    <posy>-40</posy>
                    <width>20</width>
                    <height>20</height>
                    <texture>special://skin/extras/media/snow/snow2.png</texture>
                    <aspectratio scalediffuse="false">keep</aspectratio>
                    <animation effect="slide" start="0,0" end="0,1120" time="12000" delay="1300" reversible="false" loop="true" condition="true">Conditional</animation>
                    <animation effect="slide" start="50,0" end="-10,0" time="4300" delay="220" reversible="false" condition="true">Conditional</animation>
                </control>
                <control type="image">
                    <posx>260</posx>
                    <posy>-80</posy>
                    <width>50</width>
                    <height>50</height>
                    <texture>special://skin/extras/media/snow/snow.png</texture>
                    <aspectratio scalediffuse="false">keep</aspectratio>
                    <animation effect="slide" start="0,0" end="0,1020" time="13000" delay="2200" reversible="false" loop="true" condition="true">Conditional</animation>
                    <animation effect="slide" start="40,0" end="-30,0" time="4000" delay="200" reversible="false" condition="true">Conditional</animation>
                </control>
                <control type="image">
                    <posx>390</posx>
                    <posy>-210</posy>
                    <width>40</width>
                    <height>40</height>
                    <texture>special://skin/extras/media/snow/snow2.png</texture>
                    <aspectratio scalediffuse="false">keep</aspectratio>
                    <animation effect="slide" start="0,0" end="0,1120" time="13000" delay="600" reversible="false" loop="true" condition="true">Conditional</animation>
                    <animation effect="slide" start="20,0" end="-60,0" time="5300" delay="300" reversible="false" condition="true">Conditional</animation>
                    <colordiffuse>C2FFFFFF</colordiffuse>
                </control>
            </control>
            <control type="group">
                <posx>100</posx>
                <animation effect="rotate" start="20" end="40" time="9000" delay="800" condition="true">Conditional</animation>
                <control type="image">
                    <posx>80</posx>
                    <posy>-100</posy>
                    <width>20</width>
                    <height>20</height>
                    <texture>special://skin/extras/media/snow/snow3.png</texture>
                    <aspectratio scalediffuse="false">keep</aspectratio>
                    <animation effect="slide" start="0,0" end="0,820" time="8000" delay="1000" reversible="false" loop="true" condition="true">Conditional</animation>
                    <animation effect="slide" start="40,0" end="-20,0" time="3200" delay="300" reversible="false" condition="true">Conditional</animation>
                </control>
                <control type="image">
                    <posx>240</posx>
                    <posy>-40</posy>
                    <width>50</width>
                    <height>50</height>
                    <texture>special://skin/extras/media/snow/snow5.png</texture>
                    <aspectratio scalediffuse="false">keep</aspectratio>
                    <animation effect="slide" start="0,0" end="0,1020" time="8000" delay="1800" reversible="false" loop="true" condition="true">Conditional</animation>
                    <animation effect="slide" start="40,0" end="-30,0" time="4000" delay="200" reversible="false" condition="true">Conditional</animation>
                </control>
                <control type="image">
                    <posx>390</posx>
                    <posy>-210</posy>
                    <width>30</width>
                    <height>30</height>
                    <texture>special://skin/extras/media/snow/snow4.png</texture>
                    <aspectratio scalediffuse="false">keep</aspectratio>
                    <animation effect="slide" start="0,0" end="0,1120" time="12000" delay="1500" reversible="false" loop="true" condition="true">Conditional</animation>
                    <animation effect="slide" start="20,0" end="-60,0" time="5300" delay="300" reversible="false" condition="true">Conditional</animation>
                    <colordiffuse>C2FFFFFF</colordiffuse>
                </control>
            </control>
            <control type="group">
                <posx>600</posx>
                <posy>-200</posy>
                <animation effect="rotate" end="15" time="7000" delay="500" condition="true">Conditional</animation>
                <control type="image">
                    <posx>20</posx>
                    <posy>-60</posy>
                    <width>40</width>
                    <height>40</height>
                    <texture>special://skin/extras/media/snow/snow3.png</texture>
                    <aspectratio scalediffuse="false">keep</aspectratio>
                    <animation effect="slide" start="0,0" end="0,1120" time="12000" delay="1300" reversible="false" loop="true" condition="true">Conditional</animation>
                    <animation effect="slide" start="50,0" end="-10,0" time="4300" delay="220" reversible="false" condition="true">Conditional</animation>
                </control>
                <control type="image">
                    <posx>100</posx>
                    <posy>-190</posy>
                    <width>32</width>
                    <height>32</height>
                    <texture>special://skin/extras/media/snow/snow3.png</texture>
                    <aspectratio scalediffuse="false">keep</aspectratio>
                    <animation effect="slide" start="0,0" end="0,1020" time="9000" delay="2000" reversible="false" loop="true" condition="true">Conditional</animation>
                    <animation effect="slide" start="40,0" end="-50,0" time="3200" delay="300" reversible="false" condition="true">Conditional</animation>
                </control>
                <control type="image">
                    <posx>260</posx>
                    <posy>-80</posy>
                    <width>50</width>
                    <height>50</height>
                    <texture>special://skin/extras/media/snow/snow.png</texture>
                    <aspectratio scalediffuse="false">keep</aspectratio>
                    <animation effect="slide" start="0,0" end="0,1120" time="8000" delay="2300" reversible="false" loop="true" condition="true">Conditional</animation>
                    <animation effect="slide" start="40,0" end="-30,0" time="4000" delay="200" reversible="false" condition="true">Conditional</animation>
                </control>
                <control type="image">
                    <posx>660</posx>
                    <posy>-10</posy>
                    <width>32</width>
                    <height>32</height>
                    <texture>special://skin/extras/media/snow/snow5.png</texture>
                    <aspectratio scalediffuse="false">keep</aspectratio>
                    <animation effect="slide" start="0,0" end="0,1120" time="8000" delay="2300" reversible="false" loop="true" condition="true">Conditional</animation>
                    <animation effect="slide" start="40,0" end="-30,0" time="4000" delay="200" reversible="false" condition="true">Conditional</animation>
                </control>
                <control type="image">
                    <posx>330</posx>
                    <posy>-110</posy>
                    <width>40</width>
                    <height>40</height>
                    <texture>special://skin/extras/media/snow/snow.png</texture>
                    <aspectratio scalediffuse="false">keep</aspectratio>
                    <animation effect="slide" start="0,0" end="0,1020" time="11000" delay="1600" reversible="false" loop="true" condition="true">Conditional</animation>
                    <animation effect="slide" start="40,0" end="-40,0" time="5300" delay="300" reversible="false" condition="true">Conditional</animation>
                    <colordiffuse>C2FFFFFF</colordiffuse>
                </control>
                <control type="image">
                    <posx>390</posx>
                    <posy>-110</posy>
                    <width>30</width>
                    <height>30</height>
                    <texture>special://skin/extras/media/snow/snow4.png</texture>
                    <aspectratio scalediffuse="false">keep</aspectratio>
                    <animation effect="slide" start="0,0" end="0,820" time="12000" delay="2200" reversible="false" loop="true" condition="true">Conditional</animation>
                    <animation effect="slide" start="-20,0" end="50,0" time="3300" delay="300" reversible="false" condition="true">Conditional</animation>
                    <colordiffuse>C2FFFFFF</colordiffuse>
                </control>
            </control>
            <control type="group">
                <posx>900</posx>
                <animation effect="rotate" start="15" end="30" time="12000" delay="300" condition="true">Conditional</animation>
                <control type="image">
                    <posx>100</posx>
                    <posy>-200</posy>
                    <width>20</width>
                    <height>20</height>
                    <texture>special://skin/extras/media/snow/snow.png</texture>
                    <aspectratio scalediffuse="false">keep</aspectratio>
                    <animation effect="slide" start="0,0" end="0,1020" time="8000" delay="3000" reversible="false" loop="true" condition="true">Conditional</animation>
                    <animation effect="slide" start="40,0" end="-20,0" time="3200" delay="300" reversible="false" condition="true">Conditional</animation>
                </control>
                <control type="image">
                    <posx>1100</posx>
                    <posy>-40</posy>
                    <width>40</width>
                    <height>40</height>
                    <texture>special://skin/extras/media/snow/snow2.png</texture>
                    <aspectratio scalediffuse="false">keep</aspectratio>
                    <animation effect="slide" start="0,0" end="0,1120" time="13000" delay="1300" reversible="false" loop="true" condition="true">Conditional</animation>
                    <animation effect="slide" start="50,0" end="-10,0" time="4300" delay="220" reversible="false" condition="true">Conditional</animation>
                </control>
                <control type="image">
                    <posx>260</posx>
                    <posy>-80</posy>
                    <width>50</width>
                    <height>50</height>
                    <texture>special://skin/extras/media/snow/snow5.png</texture>
                    <aspectratio scalediffuse="false">keep</aspectratio>
                    <animation effect="slide" start="0,0" end="0,820" time="8000" delay="3300" reversible="false" loop="true" condition="true">Conditional</animation>
                    <animation effect="slide" start="40,0" end="-30,0" time="4000" delay="200" reversible="false" condition="true">Conditional</animation>
                </control>
                <control type="image">
                    <posx>390</posx>
                    <posy>-110</posy>
                    <width>20</width>
                    <height>20</height>
                    <texture>special://skin/extras/media/snow/snow2.png</texture>
                    <aspectratio scalediffuse="false">keep</aspectratio>
                    <animation effect="slide" start="0,0" end="0,1020" time="12000" delay="3500" reversible="false" loop="true" condition="true">Conditional</animation>
                    <animation effect="slide" start="20,0" end="-60,0" time="5300" delay="300" reversible="false" condition="true">Conditional</animation>
                    <colordiffuse>C2FFFFFF</colordiffuse>
                </control>
            </control>

            <control type="group">
                <posx>700</posx>
                <posy>80</posy>

                <control type="group">
                    <posx>-100</posx>
                    <animation effect="rotate" end="20" time="9000" delay="300" condition="true">Conditional</animation>
                    <control type="image">
                        <posx>40</posx>
                        <posy>-180</posy>
                        <width>40</width>
                        <height>40</height>
                        <texture>special://skin/extras/media/snow/snow.png</texture>
                        <aspectratio scalediffuse="false">keep</aspectratio>
                        <animation effect="slide" start="0,0" end="0,820" time="11000" delay="1600" reversible="false" loop="true" condition="true">Conditional</animation>
                        <animation effect="slide" start="40,0" end="-40,0" time="5300" delay="300" reversible="false" condition="true">Conditional</animation>
                        <colordiffuse>C2FFFFFF</colordiffuse>
                    </control>
                    <control type="image">
                        <posx>100</posx>
                        <posy>-100</posy>
                        <width>32</width>
                        <height>32</height>
                        <texture>special://skin/extras/media/snow/snow1.png</texture>
                        <aspectratio scalediffuse="false">keep</aspectratio>
                        <animation effect="slide" start="0,0" end="0,1020" time="8000" delay="0" reversible="false" loop="true" condition="true">Conditional</animation>
                        <animation effect="slide" start="40,0" end="-20,0" time="3200" delay="300" reversible="false" condition="true">Conditional</animation>
                    </control>
                    <control type="image">
                        <posx>200</posx>
                        <posy>-40</posy>
                        <width>40</width>
                        <height>40</height>
                        <texture>special://skin/extras/media/snow/snow5.png</texture>
                        <aspectratio scalediffuse="false">keep</aspectratio>
                        <animation effect="slide" start="0,0" end="0,1120" time="12000" delay="1300" reversible="false" loop="true" condition="true">Conditional</animation>
                        <animation effect="slide" start="50,0" end="-10,0" time="4300" delay="220" reversible="false" condition="true">Conditional</animation>
                    </control>
                    <control type="image">
                        <posx>260</posx>
                        <posy>-80</posy>
                        <width>50</width>
                        <height>50</height>
                        <texture>special://skin/extras/media/snow/snow3.png</texture>
                        <aspectratio scalediffuse="false">keep</aspectratio>
                        <animation effect="slide" start="0,0" end="0,1020" time="13000" delay="2200" reversible="false" loop="true" condition="true">Conditional</animation>
                        <animation effect="slide" start="40,0" end="-30,0" time="4000" delay="200" reversible="false" condition="true">Conditional</animation>
                    </control>
                    <control type="image">
                        <posx>390</posx>
                        <posy>-210</posy>
                        <width>40</width>
                        <height>40</height>
                        <texture>special://skin/extras/media/snow/snow.png</texture>
                        <aspectratio scalediffuse="false">keep</aspectratio>
                        <animation effect="slide" start="0,0" end="0,1120" time="13000" delay="600" reversible="false" loop="true" condition="true">Conditional</animation>
                        <animation effect="slide" start="20,0" end="-60,0" time="5300" delay="300" reversible="false" condition="true">Conditional</animation>
                        <colordiffuse>C2FFFFFF</colordiffuse>
                    </control>
                </control>
                <control type="group">
                    <posx>100</posx>
                    <animation effect="rotate" start="20" end="40" time="9000" delay="800" condition="true">Conditional</animation>
                    <control type="image">
                        <posx>80</posx>
                        <posy>-100</posy>
                        <width>20</width>
                        <height>20</height>
                        <texture>special://skin/extras/media/snow/snow4.png</texture>
                        <aspectratio scalediffuse="false">keep</aspectratio>
                        <animation effect="slide" start="0,0" end="0,820" time="8000" delay="1000" reversible="false" loop="true" condition="true">Conditional</animation>
                        <animation effect="slide" start="40,0" end="-20,0" time="3200" delay="300" reversible="false" condition="true">Conditional</animation>
                    </control>
                    <control type="image">
                        <posx>240</posx>
                        <posy>-40</posy>
                        <width>50</width>
                        <height>50</height>
                        <texture>special://skin/extras/media/snow/snow4.png</texture>
                        <aspectratio scalediffuse="false">keep</aspectratio>
                        <animation effect="slide" start="0,0" end="0,1020" time="8000" delay="1800" reversible="false" loop="true" condition="true">Conditional</animation>
                        <animation effect="slide" start="40,0" end="-30,0" time="4000" delay="200" reversible="false" condition="true">Conditional</animation>
                    </control>
                    <control type="image">
                        <posx>390</posx>
                        <posy>-210</posy>
                        <width>30</width>
                        <height>30</height>
                        <texture>special://skin/extras/media/snow/snow.png</texture>
                        <aspectratio scalediffuse="false">keep</aspectratio>
                        <animation effect="slide" start="0,0" end="0,1120" time="12000" delay="1500" reversible="false" loop="true" condition="true">Conditional</animation>
                        <animation effect="slide" start="20,0" end="-60,0" time="5300" delay="300" reversible="false" condition="true">Conditional</animation>
                        <colordiffuse>C2FFFFFF</colordiffuse>
                    </control>
                </control>
                <control type="group">
                    <posx>600</posx>
                    <posy>-200</posy>
                    <animation effect="rotate" end="15" time="7000" delay="500" condition="true">Conditional</animation>
                    <control type="image">
                        <posx>20</posx>
                        <posy>-60</posy>
                        <width>24</width>
                        <height>24</height>
                        <texture>special://skin/extras/media/snow/snow1.png</texture>
                        <aspectratio scalediffuse="false">keep</aspectratio>
                        <animation effect="slide" start="0,0" end="0,1120" time="12000" delay="1300" reversible="false" loop="true" condition="true">Conditional</animation>
                        <animation effect="slide" start="50,0" end="-10,0" time="4300" delay="220" reversible="false" condition="true">Conditional</animation>
                    </control>
                    <control type="image">
                        <posx>100</posx>
                        <posy>-190</posy>
                        <width>32</width>
                        <height>32</height>
                        <texture>special://skin/extras/media/snow/snow5.png</texture>
                        <aspectratio scalediffuse="false">keep</aspectratio>
                        <animation effect="slide" start="0,0" end="0,1020" time="9000" delay="2000" reversible="false" loop="true" condition="true">Conditional</animation>
                        <animation effect="slide" start="40,0" end="-50,0" time="3200" delay="300" reversible="false" condition="true">Conditional</animation>
                    </control>
                    <control type="image">
                        <posx>260</posx>
                        <posy>-80</posy>
                        <width>50</width>
                        <height>50</height>
                        <texture>special://skin/extras/media/snow/snow3.png</texture>
                        <aspectratio scalediffuse="false">keep</aspectratio>
                        <animation effect="slide" start="0,0" end="0,1120" time="8000" delay="2300" reversible="false" loop="true" condition="true">Conditional</animation>
                        <animation effect="slide" start="40,0" end="-30,0" time="4000" delay="200" reversible="false" condition="true">Conditional</animation>
                    </control>
                    <control type="image">
                        <posx>330</posx>
                        <posy>-110</posy>
                        <width>40</width>
                        <height>40</height>
                        <texture>special://skin/extras/media/snow/snow3.png</texture>
                        <aspectratio scalediffuse="false">keep</aspectratio>
                        <animation effect="slide" start="0,0" end="0,1020" time="11000" delay="1600" reversible="false" loop="true" condition="true">Conditional</animation>
                        <animation effect="slide" start="40,0" end="-40,0" time="5300" delay="300" reversible="false" condition="true">Conditional</animation>
                        <colordiffuse>C2FFFFFF</colordiffuse>
                    </control>
                    <control type="image">
                        <posx>390</posx>
                        <posy>-110</posy>
                        <width>32</width>
                        <height>32</height>
                        <texture>special://skin/extras/media/snow/snow2.png</texture>
                        <aspectratio scalediffuse="false">keep</aspectratio>
                        <animation effect="slide" start="0,0" end="0,820" time="12000" delay="2200" reversible="false" loop="true" condition="true">Conditional</animation>
                        <animation effect="slide" start="-20,0" end="50,0" time="3300" delay="300" reversible="false" condition="true">Conditional</animation>
                        <colordiffuse>C2FFFFFF</colordiffuse>
                    </control>
                </control>
                <control type="group">
                    <posx>900</posx>
                    <animation effect="rotate" start="15" end="30" time="12000" delay="300" condition="true">Conditional</animation>
                    <control type="image">
                        <posx>100</posx>
                        <posy>-200</posy>
                        <width>20</width>
                        <height>20</height>
                        <texture>special://skin/extras/media/snow/snow.png</texture>
                        <aspectratio scalediffuse="false">keep</aspectratio>
                        <animation effect="slide" start="0,0" end="0,1020" time="8000" delay="3000" reversible="false" loop="true" condition="true">Conditional</animation>
                        <animation effect="slide" start="40,0" end="-20,0" time="3200" delay="300" reversible="false" condition="true">Conditional</animation>
                    </control>
                    <control type="image">
                        <posx>200</posx>
                        <posy>-40</posy>
                        <width>40</width>
                        <height>40</height>
                        <texture>special://skin/extras/media/snow/snow.png</texture>
                        <aspectratio scalediffuse="false">keep</aspectratio>
                        <animation effect="slide" start="0,0" end="0,1120" time="13000" delay="1300" reversible="false" loop="true" condition="true">Conditional</animation>
                        <animation effect="slide" start="50,0" end="-10,0" time="4300" delay="220" reversible="false" condition="true">Conditional</animation>
                    </control>
                    <control type="image">
                        <posx>260</posx>
                        <posy>-80</posy>
                        <width>50</width>
                        <height>50</height>
                        <texture>special://skin/extras/media/snow/snow1.png</texture>
                        <aspectratio scalediffuse="false">keep</aspectratio>
                        <animation effect="slide" start="0,0" end="0,920" time="8000" delay="3300" reversible="false" loop="true" condition="true">Conditional</animation>
                        <animation effect="slide" start="40,0" end="-30,0" time="4000" delay="200" reversible="false" condition="true">Conditional</animation>
                    </control>
                    <control type="image">
                        <posx>390</posx>
                        <posy>-110</posy>
                        <width>32</width>
                        <height>32</height>
                        <texture>special://skin/extras/media/snow/snow2.png</texture>
                        <aspectratio scalediffuse="false">keep</aspectratio>
                        <animation effect="slide" start="0,0" end="0,1020" time="12000" delay="3500" reversible="false" loop="true" condition="true">Conditional</animation>
                        <animation effect="slide" start="20,0" end="-60,0" time="5300" delay="300" reversible="false" condition="true">Conditional</animation>
                        <colordiffuse>C2FFFFFF</colordiffuse>
                    </control>
                </control>
            </control>
        </control>
    </include>

    <include name="Fade10">
        <animation effect="fade" end="10" time="0" condition="true">Conditional</animation>
    </include>
    <include name="Fade20">
        <animation effect="fade" end="20" time="0" condition="true">Conditional</animation>
    </include>
    <include name="Fade30">
        <animation effect="fade" end="30" time="0" condition="true">Conditional</animation>
    </include>
    <include name="Fade40">
        <animation effect="fade" end="40" time="0" condition="true">Conditional</animation>
    </include>
    <include name="Fade50">
        <animation effect="fade" end="50" time="0" condition="true">Conditional</animation>
    </include>
    <include name="Fade60">
        <animation effect="fade" end="60" time="0" condition="true">Conditional</animation>
    </include>
    <include name="Fade70">
        <animation effect="fade" end="70" time="0" condition="true">Conditional</animation>
    </include>
    <include name="Fade80">
        <animation effect="fade" end="80" time="0" condition="true">Conditional</animation>
    </include>
    <include name="Fade90">
        <animation effect="fade" end="90" time="0" condition="true">Conditional</animation>
    </include>
    <include name="Fade100">
        <animation effect="fade" end="100" time="0" condition="true">Conditional</animation>
    </include>

</includes>
